timestamp,vm_id,min_cpu,max_cpu,avg_cpu,timestamp vm created,timestamp vm deleted,p95 max cpu,vm_category,vm virtual core count,vm memory (gb)
0,ZXd/2F6ZRZ874waCu/Ddqs4iQ++pnb2tOcjy+1TyCqPpIHWB62Hhidh/ZXhgOG4B,1.091615,1.3296059999999998,2.669218,0,189000,24.324015,Delay-insensitive,1,1.75
300,ZXd/2F6ZRZ874waCu/Ddqs4iQ++pnb2tOcjy+1TyCqPpIHWB62Hhidh/ZXhgOG4B,1.0585870000000002,1.411394,2.024657,0,189000,24.324015,Delay-insensitive,1,1.75
600,ZXd/2F6ZRZ874waCu/Ddqs4iQ++pnb2tOcjy+1TyCqPpIHWB62Hhidh/ZXhgOG4B,1.051465,3.817375,25.859056,0,189000,24.324015,Delay-insensitive,1,1.75
900,ZXd/2F6ZRZ874waCu/Ddqs4iQ++pnb2tOcjy+1TyCqPpIHWB62Hhidh/ZXhgOG4B,1.05793,1.288584,2.375313,0,189000,24.324015,Delay-insensitive,1,1.75
1200,ZXd/2F6ZRZ874waCu/Ddqs4iQ++pnb2tOcjy+1TyCqPpIHWB62Hhidh/ZXhgOG4B,1.0692549999999998,1.465753,2.053024,0,189000,24.324015,Delay-insensitive,1,1.75
1500,ZXd/2F6ZRZ874waCu/Ddqs4iQ++pnb2tOcjy+1TyCqPpIHWB62Hhidh/ZXhgOG4B,1.044163,1.298666,1.7891549999999998,0,189000,24.324015,Delay-insensitive,1,1.75
1800,ZXd/2F6ZRZ874waCu/Ddqs4iQ++pnb2tOcjy+1TyCqPpIHWB62Hhidh/ZXhgOG4B,1.090064,1.4505709999999998,2.675568,0,189000,24.324015,Delay-insensitive,1,1.75
2100,ZXd/2F6ZRZ874waCu/Ddqs4iQ++pnb2tOcjy+1TyCqPpIHWB62Hhidh/ZXhgOG4B,1.070125,1.365947,1.959229,0,189000,24.324015,Delay-insensitive,1,1.75
2400,ZXd/2F6ZRZ874waCu/Ddqs4iQ++pnb2tOcjy+1TyCqPpIHWB62Hhidh/ZXhgOG4B,1.061122,1.349492,1.983022,0,189000,24.324015,Delay-insensitive,1,1.75
2700,ZXd/2F6ZRZ874waCu/Ddqs4iQ++pnb2tOcjy+1TyCqPpIHWB62Hhidh/ZXhgOG4B,1.106465,1.36794,2.545851,0,189000,24.324015,Delay-insensitive,1,1.75
3000,ZXd/2F6ZRZ874waCu/Ddqs4iQ++pnb2tOcjy+1TyCqPpIHWB62Hhidh/ZXhgOG4B,1.020399,1.401944,1.940161,0,189000,24.324015,Delay-insensitive,1,1.75
3300,ZXd/2F6ZRZ874waCu/Ddqs4iQ++pnb2tOcjy+1TyCqPpIHWB62Hhidh/ZXhgOG4B,1.0766,1.313311,1.929018,0,189000,24.324015,Delay-insensitive,1,1.75
3600,ZXd/2F6ZRZ874waCu/Ddqs4iQ++pnb2tOcjy+1TyCqPpIHWB62Hhidh/ZXhgOG4B,1.094629,1.593224,4.306661,0,189000,24.324015,Delay-insensitive,1,1.75
3900,ZXd/2F6ZRZ874waCu/Ddqs4iQ++pnb2tOcjy+1TyCqPpIHWB62Hhidh/ZXhgOG4B,1.048261,1.426834,1.946616,0,189000,24.324015,Delay-insensitive,1,1.75
4200,ZXd/2F6ZRZ874waCu/Ddqs4iQ++pnb2tOcjy+1TyCqPpIHWB62Hhidh/ZXhgOG4B,1.08716,3.968371,17.914196,0,189000,24.324015,Delay-insensitive,1,1.75
4500,ZXd/2F6ZRZ874waCu/Ddqs4iQ++pnb2tOcjy+1TyCqPpIHWB62Hhidh/ZXhgOG4B,1.093754,1.735461,4.080635,0,189000,24.324015,Delay-insensitive,1,1.75
4800,ZXd/2F6ZRZ874waCu/Ddqs4iQ++pnb2tOcjy+1TyCqPpIHWB62Hhidh/ZXhgOG4B,0.7722720000000001,1.353677,2.008398,0,189000,24.324015,Delay-insensitive,1,1.75
5100,ZXd/2F6ZRZ874waCu/Ddqs4iQ++pnb2tOcjy+1TyCqPpIHWB62Hhidh/ZXhgOG4B,1.082429,1.34994,1.92502,0,189000,24.324015,Delay-insensitive,1,1.75
5400,ZXd/2F6ZRZ874waCu/Ddqs4iQ++pnb2tOcjy+1TyCqPpIHWB62Hhidh/ZXhgOG4B,1.0604049999999998,1.3239040000000002,2.54271,0,189000,24.324015,Delay-insensitive,1,1.75
5700,ZXd/2F6ZRZ874waCu/Ddqs4iQ++pnb2tOcjy+1TyCqPpIHWB62Hhidh/ZXhgOG4B,0.844823,1.32798,1.896468,0,189000,24.324015,Delay-insensitive,1,1.75
6000,ZXd/2F6ZRZ874waCu/Ddqs4iQ++pnb2tOcjy+1TyCqPpIHWB62Hhidh/ZXhgOG4B,1.104325,1.334132,1.854892,0,189000,24.324015,Delay-insensitive,1,1.75
6300,ZXd/2F6ZRZ874waCu/Ddqs4iQ++pnb2tOcjy+1TyCqPpIHWB62Hhidh/ZXhgOG4B,1.103859,1.329144,2.14651,0,189000,24.324015,Delay-insensitive,1,1.75
6600,ZXd/2F6ZRZ874waCu/Ddqs4iQ++pnb2tOcjy+1TyCqPpIHWB62Hhidh/ZXhgOG4B,1.140058,1.421758,1.810105,0,189000,24.324015,Delay-insensitive,1,1.75
6900,ZXd/2F6ZRZ874waCu/Ddqs4iQ++pnb2tOcjy+1TyCqPpIHWB62Hhidh/ZXhgOG4B,1.066519,1.2660559999999998,1.80274,0,189000,24.324015,Delay-insensitive,1,1.75
7200,ZXd/2F6ZRZ874waCu/Ddqs4iQ++pnb2tOcjy+1TyCqPpIHWB62Hhidh/ZXhgOG4B,1.133126,1.424803,2.436544,0,189000,24.324015,Delay-insensitive,1,1.75
7500,ZXd/2F6ZRZ874waCu/Ddqs4iQ++pnb2tOcjy+1TyCqPpIHWB62Hhidh/ZXhgOG4B,1.100572,1.385048,2.165079,0,189000,24.324015,Delay-insensitive,1,1.75
7800,ZXd/2F6ZRZ874waCu/Ddqs4iQ++pnb2tOcjy+1TyCqPpIHWB62Hhidh/ZXhgOG4B,1.094978,3.703771,24.281445,0,189000,24.324015,Delay-insensitive,1,1.75
8100,ZXd/2F6ZRZ874waCu/Ddqs4iQ++pnb2tOcjy+1TyCqPpIHWB62Hhidh/ZXhgOG4B,1.125126,1.430426,2.055034,0,189000,24.324015,Delay-insensitive,1,1.75
8400,ZXd/2F6ZRZ874waCu/Ddqs4iQ++pnb2tOcjy+1TyCqPpIHWB62Hhidh/ZXhgOG4B,1.101612,3.724368,24.752206,0,189000,24.324015,Delay-insensitive,1,1.75
8700,ZXd/2F6ZRZ874waCu/Ddqs4iQ++pnb2tOcjy+1TyCqPpIHWB62Hhidh/ZXhgOG4B,1.100715,1.323449,1.982236,0,189000,24.324015,Delay-insensitive,1,1.75
9000,ZXd/2F6ZRZ874waCu/Ddqs4iQ++pnb2tOcjy+1TyCqPpIHWB62Hhidh/ZXhgOG4B,1.108271,2.8675040000000003,16.794183,0,189000,24.324015,Delay-insensitive,1,1.75
9300,ZXd/2F6ZRZ874waCu/Ddqs4iQ++pnb2tOcjy+1TyCqPpIHWB62Hhidh/ZXhgOG4B,1.059642,1.341175,1.929758,0,189000,24.324015,Delay-insensitive,1,1.75
9600,ZXd/2F6ZRZ874waCu/Ddqs4iQ++pnb2tOcjy+1TyCqPpIHWB62Hhidh/ZXhgOG4B,1.032064,1.4155950000000002,1.992996,0,189000,24.324015,Delay-insensitive,1,1.75
9900,ZXd/2F6ZRZ874waCu/Ddqs4iQ++pnb2tOcjy+1TyCqPpIHWB62Hhidh/ZXhgOG4B,1.129059,1.464134,2.021373,0,189000,24.324015,Delay-insensitive,1,1.75
10200,ZXd/2F6ZRZ874waCu/Ddqs4iQ++pnb2tOcjy+1TyCqPpIHWB62Hhidh/ZXhgOG4B,1.002933,1.393693,2.100304,0,189000,24.324015,Delay-insensitive,1,1.75
10500,ZXd/2F6ZRZ874waCu/Ddqs4iQ++pnb2tOcjy+1TyCqPpIHWB62Hhidh/ZXhgOG4B,1.0576290000000002,1.428172,2.072923,0,189000,24.324015,Delay-insensitive,1,1.75
10800,ZXd/2F6ZRZ874waCu/Ddqs4iQ++pnb2tOcjy+1TyCqPpIHWB62Hhidh/ZXhgOG4B,1.073696,1.418487,2.221388,0,189000,24.324015,Delay-insensitive,1,1.75
11100,ZXd/2F6ZRZ874waCu/Ddqs4iQ++pnb2tOcjy+1TyCqPpIHWB62Hhidh/ZXhgOG4B,0.785362,1.330783,2.085455,0,189000,24.324015,Delay-insensitive,1,1.75
11400,ZXd/2F6ZRZ874waCu/Ddqs4iQ++pnb2tOcjy+1TyCqPpIHWB62Hhidh/ZXhgOG4B,1.078804,3.741007,24.655042,0,189000,24.324015,Delay-insensitive,1,1.75
11700,ZXd/2F6ZRZ874waCu/Ddqs4iQ++pnb2tOcjy+1TyCqPpIHWB62Hhidh/ZXhgOG4B,0.810194,1.33365,2.15217,0,189000,24.324015,Delay-insensitive,1,1.75
12000,ZXd/2F6ZRZ874waCu/Ddqs4iQ++pnb2tOcjy+1TyCqPpIHWB62Hhidh/ZXhgOG4B,1.046299,1.352939,2.036505,0,189000,24.324015,Delay-insensitive,1,1.75
12300,ZXd/2F6ZRZ874waCu/Ddqs4iQ++pnb2tOcjy+1TyCqPpIHWB62Hhidh/ZXhgOG4B,1.084571,1.451822,2.138935,0,189000,24.324015,Delay-insensitive,1,1.75
12600,ZXd/2F6ZRZ874waCu/Ddqs4iQ++pnb2tOcjy+1TyCqPpIHWB62Hhidh/ZXhgOG4B,1.098857,1.417285,2.164075,0,189000,24.324015,Delay-insensitive,1,1.75
12900,ZXd/2F6ZRZ874waCu/Ddqs4iQ++pnb2tOcjy+1TyCqPpIHWB62Hhidh/ZXhgOG4B,0.930728,1.359237,2.136389,0,189000,24.324015,Delay-insensitive,1,1.75
13200,ZXd/2F6ZRZ874waCu/Ddqs4iQ++pnb2tOcjy+1TyCqPpIHWB62Hhidh/ZXhgOG4B,1.078878,1.418837,2.090209,0,189000,24.324015,Delay-insensitive,1,1.75
13500,ZXd/2F6ZRZ874waCu/Ddqs4iQ++pnb2tOcjy+1TyCqPpIHWB62Hhidh/ZXhgOG4B,1.134412,1.43756,2.188838,0,189000,24.324015,Delay-insensitive,1,1.75
13800,ZXd/2F6ZRZ874waCu/Ddqs4iQ++pnb2tOcjy+1TyCqPpIHWB62Hhidh/ZXhgOG4B,0.867748,1.331625,2.055254,0,189000,24.324015,Delay-insensitive,1,1.75
14100,ZXd/2F6ZRZ874waCu/Ddqs4iQ++pnb2tOcjy+1TyCqPpIHWB62Hhidh/ZXhgOG4B,1.012482,1.428662,2.12596,0,189000,24.324015,Delay-insensitive,1,1.75
14400,ZXd/2F6ZRZ874waCu/Ddqs4iQ++pnb2tOcjy+1TyCqPpIHWB62Hhidh/ZXhgOG4B,1.110709,1.392272,2.127057,0,189000,24.324015,Delay-insensitive,1,1.75
14700,ZXd/2F6ZRZ874waCu/Ddqs4iQ++pnb2tOcjy+1TyCqPpIHWB62Hhidh/ZXhgOG4B,1.097007,1.3373700000000002,1.827543,0,189000,24.324015,Delay-insensitive,1,1.75
15000,ZXd/2F6ZRZ874waCu/Ddqs4iQ++pnb2tOcjy+1TyCqPpIHWB62Hhidh/ZXhgOG4B,0.888956,3.743701,24.862034,0,189000,24.324015,Delay-insensitive,1,1.75
15300,ZXd/2F6ZRZ874waCu/Ddqs4iQ++pnb2tOcjy+1TyCqPpIHWB62Hhidh/ZXhgOG4B,1.138869,1.436345,2.08612,0,189000,24.324015,Delay-insensitive,1,1.75
15600,ZXd/2F6ZRZ874waCu/Ddqs4iQ++pnb2tOcjy+1TyCqPpIHWB62Hhidh/ZXhgOG4B,1.061006,1.387343,2.363481,0,189000,24.324015,Delay-insensitive,1,1.75
15900,ZXd/2F6ZRZ874waCu/Ddqs4iQ++pnb2tOcjy+1TyCqPpIHWB62Hhidh/ZXhgOG4B,1.114376,1.422291,2.146146,0,189000,24.324015,Delay-insensitive,1,1.75
16200,ZXd/2F6ZRZ874waCu/Ddqs4iQ++pnb2tOcjy+1TyCqPpIHWB62Hhidh/ZXhgOG4B,1.114925,1.461464,2.15163,0,189000,24.324015,Delay-insensitive,1,1.75
16500,ZXd/2F6ZRZ874waCu/Ddqs4iQ++pnb2tOcjy+1TyCqPpIHWB62Hhidh/ZXhgOG4B,1.100292,1.369476,2.075956,0,189000,24.324015,Delay-insensitive,1,1.75
16800,ZXd/2F6ZRZ874waCu/Ddqs4iQ++pnb2tOcjy+1TyCqPpIHWB62Hhidh/ZXhgOG4B,1.090382,1.421612,2.087349,0,189000,24.324015,Delay-insensitive,1,1.75
17100,ZXd/2F6ZRZ874waCu/Ddqs4iQ++pnb2tOcjy+1TyCqPpIHWB62Hhidh/ZXhgOG4B,0.831105,1.371409,2.103677,0,189000,24.324015,Delay-insensitive,1,1.75
17400,ZXd/2F6ZRZ874waCu/Ddqs4iQ++pnb2tOcjy+1TyCqPpIHWB62Hhidh/ZXhgOG4B,1.055741,1.353991,2.018303,0,189000,24.324015,Delay-insensitive,1,1.75
17700,ZXd/2F6ZRZ874waCu/Ddqs4iQ++pnb2tOcjy+1TyCqPpIHWB62Hhidh/ZXhgOG4B,1.087519,1.419,2.104574,0,189000,24.324015,Delay-insensitive,1,1.75
18000,ZXd/2F6ZRZ874waCu/Ddqs4iQ++pnb2tOcjy+1TyCqPpIHWB62Hhidh/ZXhgOG4B,1.157532,1.419746,1.960727,0,189000,24.324015,Delay-insensitive,1,1.75
18300,ZXd/2F6ZRZ874waCu/Ddqs4iQ++pnb2tOcjy+1TyCqPpIHWB62Hhidh/ZXhgOG4B,1.057955,1.355737,1.992495,0,189000,24.324015,Delay-insensitive,1,1.75
18600,ZXd/2F6ZRZ874waCu/Ddqs4iQ++pnb2tOcjy+1TyCqPpIHWB62Hhidh/ZXhgOG4B,1.0928719999999998,3.729226,21.929225,0,189000,24.324015,Delay-insensitive,1,1.75
18900,ZXd/2F6ZRZ874waCu/Ddqs4iQ++pnb2tOcjy+1TyCqPpIHWB62Hhidh/ZXhgOG4B,1.161212,1.455225,2.057518,0,189000,24.324015,Delay-insensitive,1,1.75
19200,ZXd/2F6ZRZ874waCu/Ddqs4iQ++pnb2tOcjy+1TyCqPpIHWB62Hhidh/ZXhgOG4B,0.7855840000000001,1.324463,1.905271,0,189000,24.324015,Delay-insensitive,1,1.75
19500,ZXd/2F6ZRZ874waCu/Ddqs4iQ++pnb2tOcjy+1TyCqPpIHWB62Hhidh/ZXhgOG4B,1.095656,1.423214,2.111628,0,189000,24.324015,Delay-insensitive,1,1.75
19800,ZXd/2F6ZRZ874waCu/Ddqs4iQ++pnb2tOcjy+1TyCqPpIHWB62Hhidh/ZXhgOG4B,0.78818,1.330867,2.152521,0,189000,24.324015,Delay-insensitive,1,1.75
20100,ZXd/2F6ZRZ874waCu/Ddqs4iQ++pnb2tOcjy+1TyCqPpIHWB62Hhidh/ZXhgOG4B,1.1263459999999998,1.36514,1.910259,0,189000,24.324015,Delay-insensitive,1,1.75
20400,ZXd/2F6ZRZ874waCu/Ddqs4iQ++pnb2tOcjy+1TyCqPpIHWB62Hhidh/ZXhgOG4B,1.077507,1.446188,2.176374,0,189000,24.324015,Delay-insensitive,1,1.75
20700,ZXd/2F6ZRZ874waCu/Ddqs4iQ++pnb2tOcjy+1TyCqPpIHWB62Hhidh/ZXhgOG4B,1.163728,1.415098,2.036206,0,189000,24.324015,Delay-insensitive,1,1.75
21000,ZXd/2F6ZRZ874waCu/Ddqs4iQ++pnb2tOcjy+1TyCqPpIHWB62Hhidh/ZXhgOG4B,1.009868,1.3338450000000002,1.957914,0,189000,24.324015,Delay-insensitive,1,1.75
21300,ZXd/2F6ZRZ874waCu/Ddqs4iQ++pnb2tOcjy+1TyCqPpIHWB62Hhidh/ZXhgOG4B,1.076033,1.392566,1.939513,0,189000,24.324015,Delay-insensitive,1,1.75
21600,ZXd/2F6ZRZ874waCu/Ddqs4iQ++pnb2tOcjy+1TyCqPpIHWB62Hhidh/ZXhgOG4B,1.132925,1.421426,1.971923,0,189000,24.324015,Delay-insensitive,1,1.75
21900,ZXd/2F6ZRZ874waCu/Ddqs4iQ++pnb2tOcjy+1TyCqPpIHWB62Hhidh/ZXhgOG4B,1.109859,1.360225,2.027707,0,189000,24.324015,Delay-insensitive,1,1.75
22200,ZXd/2F6ZRZ874waCu/Ddqs4iQ++pnb2tOcjy+1TyCqPpIHWB62Hhidh/ZXhgOG4B,1.111102,3.694501,24.439416,0,189000,24.324015,Delay-insensitive,1,1.75
22500,ZXd/2F6ZRZ874waCu/Ddqs4iQ++pnb2tOcjy+1TyCqPpIHWB62Hhidh/ZXhgOG4B,1.143105,1.379055,2.12375,0,189000,24.324015,Delay-insensitive,1,1.75
22800,ZXd/2F6ZRZ874waCu/Ddqs4iQ++pnb2tOcjy+1TyCqPpIHWB62Hhidh/ZXhgOG4B,1.061016,1.360627,2.017677,0,189000,24.324015,Delay-insensitive,1,1.75
23100,ZXd/2F6ZRZ874waCu/Ddqs4iQ++pnb2tOcjy+1TyCqPpIHWB62Hhidh/ZXhgOG4B,0.965603,1.318873,2.046376,0,189000,24.324015,Delay-insensitive,1,1.75
23400,ZXd/2F6ZRZ874waCu/Ddqs4iQ++pnb2tOcjy+1TyCqPpIHWB62Hhidh/ZXhgOG4B,1.122548,1.455526,2.106225,0,189000,24.324015,Delay-insensitive,1,1.75
23700,ZXd/2F6ZRZ874waCu/Ddqs4iQ++pnb2tOcjy+1TyCqPpIHWB62Hhidh/ZXhgOG4B,1.103735,1.290952,1.810286,0,189000,24.324015,Delay-insensitive,1,1.75
24000,ZXd/2F6ZRZ874waCu/Ddqs4iQ++pnb2tOcjy+1TyCqPpIHWB62Hhidh/ZXhgOG4B,1.065633,1.435252,2.102822,0,189000,24.324015,Delay-insensitive,1,1.75
24300,ZXd/2F6ZRZ874waCu/Ddqs4iQ++pnb2tOcjy+1TyCqPpIHWB62Hhidh/ZXhgOG4B,1.05282,1.342808,1.958323,0,189000,24.324015,Delay-insensitive,1,1.75
24600,ZXd/2F6ZRZ874waCu/Ddqs4iQ++pnb2tOcjy+1TyCqPpIHWB62Hhidh/ZXhgOG4B,1.063799,1.352945,2.00684,0,189000,24.324015,Delay-insensitive,1,1.75
24900,ZXd/2F6ZRZ874waCu/Ddqs4iQ++pnb2tOcjy+1TyCqPpIHWB62Hhidh/ZXhgOG4B,1.090361,1.376698,2.066936,0,189000,24.324015,Delay-insensitive,1,1.75
25200,ZXd/2F6ZRZ874waCu/Ddqs4iQ++pnb2tOcjy+1TyCqPpIHWB62Hhidh/ZXhgOG4B,0.932613,1.3318299999999998,2.075085,0,189000,24.324015,Delay-insensitive,1,1.75
25500,ZXd/2F6ZRZ874waCu/Ddqs4iQ++pnb2tOcjy+1TyCqPpIHWB62Hhidh/ZXhgOG4B,1.058694,1.353946,1.99014,0,189000,24.324015,Delay-insensitive,1,1.75
25800,ZXd/2F6ZRZ874waCu/Ddqs4iQ++pnb2tOcjy+1TyCqPpIHWB62Hhidh/ZXhgOG4B,1.014843,3.637306,24.588566,0,189000,24.324015,Delay-insensitive,1,1.75
26100,ZXd/2F6ZRZ874waCu/Ddqs4iQ++pnb2tOcjy+1TyCqPpIHWB62Hhidh/ZXhgOG4B,1.1565299999999998,1.457856,1.968676,0,189000,24.324015,Delay-insensitive,1,1.75
26400,ZXd/2F6ZRZ874waCu/Ddqs4iQ++pnb2tOcjy+1TyCqPpIHWB62Hhidh/ZXhgOG4B,1.026876,1.253282,1.7722380000000002,0,189000,24.324015,Delay-insensitive,1,1.75
26700,ZXd/2F6ZRZ874waCu/Ddqs4iQ++pnb2tOcjy+1TyCqPpIHWB62Hhidh/ZXhgOG4B,1.113463,1.4181979999999998,1.959655,0,189000,24.324015,Delay-insensitive,1,1.75
27000,ZXd/2F6ZRZ874waCu/Ddqs4iQ++pnb2tOcjy+1TyCqPpIHWB62Hhidh/ZXhgOG4B,1.129589,1.373526,1.815496,0,189000,24.324015,Delay-insensitive,1,1.75
27300,ZXd/2F6ZRZ874waCu/Ddqs4iQ++pnb2tOcjy+1TyCqPpIHWB62Hhidh/ZXhgOG4B,1.051638,1.3689559999999998,1.949864,0,189000,24.324015,Delay-insensitive,1,1.75
27600,ZXd/2F6ZRZ874waCu/Ddqs4iQ++pnb2tOcjy+1TyCqPpIHWB62Hhidh/ZXhgOG4B,1.060484,1.6803310000000002,4.639119,0,189000,24.324015,Delay-insensitive,1,1.75
27900,ZXd/2F6ZRZ874waCu/Ddqs4iQ++pnb2tOcjy+1TyCqPpIHWB62Hhidh/ZXhgOG4B,1.08731,1.681345,4.202181,0,189000,24.324015,Delay-insensitive,1,1.75
28200,ZXd/2F6ZRZ874waCu/Ddqs4iQ++pnb2tOcjy+1TyCqPpIHWB62Hhidh/ZXhgOG4B,1.073013,1.364769,1.926974,0,189000,24.324015,Delay-insensitive,1,1.75
28500,ZXd/2F6ZRZ874waCu/Ddqs4iQ++pnb2tOcjy+1TyCqPpIHWB62Hhidh/ZXhgOG4B,1.064906,1.340051,1.951994,0,189000,24.324015,Delay-insensitive,1,1.75
28800,ZXd/2F6ZRZ874waCu/Ddqs4iQ++pnb2tOcjy+1TyCqPpIHWB62Hhidh/ZXhgOG4B,1.14822,1.440219,1.94956,0,189000,24.324015,Delay-insensitive,1,1.75
29100,ZXd/2F6ZRZ874waCu/Ddqs4iQ++pnb2tOcjy+1TyCqPpIHWB62Hhidh/ZXhgOG4B,1.069014,1.303808,2.023837,0,189000,24.324015,Delay-insensitive,1,1.75
29400,ZXd/2F6ZRZ874waCu/Ddqs4iQ++pnb2tOcjy+1TyCqPpIHWB62Hhidh/ZXhgOG4B,1.071234,3.704085,16.37471,0,189000,24.324015,Delay-insensitive,1,1.75
29700,ZXd/2F6ZRZ874waCu/Ddqs4iQ++pnb2tOcjy+1TyCqPpIHWB62Hhidh/ZXhgOG4B,1.12267,1.353242,1.7776919999999998,0,189000,24.324015,Delay-insensitive,1,1.75
30000,ZXd/2F6ZRZ874waCu/Ddqs4iQ++pnb2tOcjy+1TyCqPpIHWB62Hhidh/ZXhgOG4B,1.029974,1.358508,1.910766,0,189000,24.324015,Delay-insensitive,1,1.75
30300,ZXd/2F6ZRZ874waCu/Ddqs4iQ++pnb2tOcjy+1TyCqPpIHWB62Hhidh/ZXhgOG4B,1.091761,1.338462,1.862519,0,189000,24.324015,Delay-insensitive,1,1.75
30600,ZXd/2F6ZRZ874waCu/Ddqs4iQ++pnb2tOcjy+1TyCqPpIHWB62Hhidh/ZXhgOG4B,1.1250639999999998,1.4441469999999998,2.113934,0,189000,24.324015,Delay-insensitive,1,1.75
30900,ZXd/2F6ZRZ874waCu/Ddqs4iQ++pnb2tOcjy+1TyCqPpIHWB62Hhidh/ZXhgOG4B,1.029253,1.33882,1.836191,0,189000,24.324015,Delay-insensitive,1,1.75
31200,ZXd/2F6ZRZ874waCu/Ddqs4iQ++pnb2tOcjy+1TyCqPpIHWB62Hhidh/ZXhgOG4B,1.073934,1.404724,1.910051,0,189000,24.324015,Delay-insensitive,1,1.75
31500,ZXd/2F6ZRZ874waCu/Ddqs4iQ++pnb2tOcjy+1TyCqPpIHWB62Hhidh/ZXhgOG4B,1.149929,1.47024,1.980089,0,189000,24.324015,Delay-insensitive,1,1.75
31800,ZXd/2F6ZRZ874waCu/Ddqs4iQ++pnb2tOcjy+1TyCqPpIHWB62Hhidh/ZXhgOG4B,1.068462,1.3530209999999998,1.850909,0,189000,24.324015,Delay-insensitive,1,1.75
32100,ZXd/2F6ZRZ874waCu/Ddqs4iQ++pnb2tOcjy+1TyCqPpIHWB62Hhidh/ZXhgOG4B,1.083809,1.4117309999999998,1.958384,0,189000,24.324015,Delay-insensitive,1,1.75
32400,ZXd/2F6ZRZ874waCu/Ddqs4iQ++pnb2tOcjy+1TyCqPpIHWB62Hhidh/ZXhgOG4B,1.091004,1.420426,1.844701,0,189000,24.324015,Delay-insensitive,1,1.75
32700,ZXd/2F6ZRZ874waCu/Ddqs4iQ++pnb2tOcjy+1TyCqPpIHWB62Hhidh/ZXhgOG4B,1.0674709999999998,1.346145,1.793591,0,189000,24.324015,Delay-insensitive,1,1.75
33000,ZXd/2F6ZRZ874waCu/Ddqs4iQ++pnb2tOcjy+1TyCqPpIHWB62Hhidh/ZXhgOG4B,1.075065,3.847745,24.662088,0,189000,24.324015,Delay-insensitive,1,1.75
33300,ZXd/2F6ZRZ874waCu/Ddqs4iQ++pnb2tOcjy+1TyCqPpIHWB62Hhidh/ZXhgOG4B,1.02656,1.400161,2.235941,0,189000,24.324015,Delay-insensitive,1,1.75
33600,ZXd/2F6ZRZ874waCu/Ddqs4iQ++pnb2tOcjy+1TyCqPpIHWB62Hhidh/ZXhgOG4B,1.052113,1.866392,4.853766,0,189000,24.324015,Delay-insensitive,1,1.75
33900,ZXd/2F6ZRZ874waCu/Ddqs4iQ++pnb2tOcjy+1TyCqPpIHWB62Hhidh/ZXhgOG4B,1.034704,3.612516,23.540231,0,189000,24.324015,Delay-insensitive,1,1.75
34200,ZXd/2F6ZRZ874waCu/Ddqs4iQ++pnb2tOcjy+1TyCqPpIHWB62Hhidh/ZXhgOG4B,1.027283,1.426634,2.189651,0,189000,24.324015,Delay-insensitive,1,1.75
34500,ZXd/2F6ZRZ874waCu/Ddqs4iQ++pnb2tOcjy+1TyCqPpIHWB62Hhidh/ZXhgOG4B,1.074486,3.229421,20.360478,0,189000,24.324015,Delay-insensitive,1,1.75
34800,ZXd/2F6ZRZ874waCu/Ddqs4iQ++pnb2tOcjy+1TyCqPpIHWB62Hhidh/ZXhgOG4B,1.046494,1.41264,2.7355,0,189000,24.324015,Delay-insensitive,1,1.75
35100,ZXd/2F6ZRZ874waCu/Ddqs4iQ++pnb2tOcjy+1TyCqPpIHWB62Hhidh/ZXhgOG4B,1.050927,1.448617,2.264049,0,189000,24.324015,Delay-insensitive,1,1.75
35400,ZXd/2F6ZRZ874waCu/Ddqs4iQ++pnb2tOcjy+1TyCqPpIHWB62Hhidh/ZXhgOG4B,1.050486,1.361996,2.129921,0,189000,24.324015,Delay-insensitive,1,1.75
35700,ZXd/2F6ZRZ874waCu/Ddqs4iQ++pnb2tOcjy+1TyCqPpIHWB62Hhidh/ZXhgOG4B,0.957209,1.375077,2.683725,0,189000,24.324015,Delay-insensitive,1,1.75
36000,ZXd/2F6ZRZ874waCu/Ddqs4iQ++pnb2tOcjy+1TyCqPpIHWB62Hhidh/ZXhgOG4B,1.049633,1.452129,2.221692,0,189000,24.324015,Delay-insensitive,1,1.75
36300,ZXd/2F6ZRZ874waCu/Ddqs4iQ++pnb2tOcjy+1TyCqPpIHWB62Hhidh/ZXhgOG4B,1.058009,1.359614,2.062468,0,189000,24.324015,Delay-insensitive,1,1.75
36600,ZXd/2F6ZRZ874waCu/Ddqs4iQ++pnb2tOcjy+1TyCqPpIHWB62Hhidh/ZXhgOG4B,1.055078,3.784155,24.381226,0,189000,24.324015,Delay-insensitive,1,1.75
36900,ZXd/2F6ZRZ874waCu/Ddqs4iQ++pnb2tOcjy+1TyCqPpIHWB62Hhidh/ZXhgOG4B,1.0541120000000002,1.452819,2.266336,0,189000,24.324015,Delay-insensitive,1,1.75
37200,ZXd/2F6ZRZ874waCu/Ddqs4iQ++pnb2tOcjy+1TyCqPpIHWB62Hhidh/ZXhgOG4B,1.045436,1.378297,2.215703,0,189000,24.324015,Delay-insensitive,1,1.75
37500,ZXd/2F6ZRZ874waCu/Ddqs4iQ++pnb2tOcjy+1TyCqPpIHWB62Hhidh/ZXhgOG4B,1.048836,1.426121,2.739459,0,189000,24.324015,Delay-insensitive,1,1.75
37800,ZXd/2F6ZRZ874waCu/Ddqs4iQ++pnb2tOcjy+1TyCqPpIHWB62Hhidh/ZXhgOG4B,0.774141,1.397885,2.244767,0,189000,24.324015,Delay-insensitive,1,1.75
38100,ZXd/2F6ZRZ874waCu/Ddqs4iQ++pnb2tOcjy+1TyCqPpIHWB62Hhidh/ZXhgOG4B,1.071216,1.36195,2.142367,0,189000,24.324015,Delay-insensitive,1,1.75
38400,ZXd/2F6ZRZ874waCu/Ddqs4iQ++pnb2tOcjy+1TyCqPpIHWB62Hhidh/ZXhgOG4B,1.051655,1.455911,2.715585,0,189000,24.324015,Delay-insensitive,1,1.75
38700,ZXd/2F6ZRZ874waCu/Ddqs4iQ++pnb2tOcjy+1TyCqPpIHWB62Hhidh/ZXhgOG4B,1.079746,1.505388,2.225425,0,189000,24.324015,Delay-insensitive,1,1.75
39000,ZXd/2F6ZRZ874waCu/Ddqs4iQ++pnb2tOcjy+1TyCqPpIHWB62Hhidh/ZXhgOG4B,0.991326,1.344532,2.086825,0,189000,24.324015,Delay-insensitive,1,1.75
39300,ZXd/2F6ZRZ874waCu/Ddqs4iQ++pnb2tOcjy+1TyCqPpIHWB62Hhidh/ZXhgOG4B,1.01987,1.401199,2.837729,0,189000,24.324015,Delay-insensitive,1,1.75
39600,ZXd/2F6ZRZ874waCu/Ddqs4iQ++pnb2tOcjy+1TyCqPpIHWB62Hhidh/ZXhgOG4B,1.038721,1.422443,2.166353,0,189000,24.324015,Delay-insensitive,1,1.75
39900,ZXd/2F6ZRZ874waCu/Ddqs4iQ++pnb2tOcjy+1TyCqPpIHWB62Hhidh/ZXhgOG4B,1.0968870000000002,1.377304,2.106616,0,189000,24.324015,Delay-insensitive,1,1.75
40200,ZXd/2F6ZRZ874waCu/Ddqs4iQ++pnb2tOcjy+1TyCqPpIHWB62Hhidh/ZXhgOG4B,1.068817,3.753378,19.206429,0,189000,24.324015,Delay-insensitive,1,1.75
40500,ZXd/2F6ZRZ874waCu/Ddqs4iQ++pnb2tOcjy+1TyCqPpIHWB62Hhidh/ZXhgOG4B,1.057534,1.516657,2.350322,0,189000,24.324015,Delay-insensitive,1,1.75
40800,ZXd/2F6ZRZ874waCu/Ddqs4iQ++pnb2tOcjy+1TyCqPpIHWB62Hhidh/ZXhgOG4B,1.082969,1.363161,2.104837,0,189000,24.324015,Delay-insensitive,1,1.75
41100,ZXd/2F6ZRZ874waCu/Ddqs4iQ++pnb2tOcjy+1TyCqPpIHWB62Hhidh/ZXhgOG4B,0.945441,1.430452,2.702195,0,189000,24.324015,Delay-insensitive,1,1.75
41400,ZXd/2F6ZRZ874waCu/Ddqs4iQ++pnb2tOcjy+1TyCqPpIHWB62Hhidh/ZXhgOG4B,1.116062,1.440311,2.085417,0,189000,24.324015,Delay-insensitive,1,1.75
41700,ZXd/2F6ZRZ874waCu/Ddqs4iQ++pnb2tOcjy+1TyCqPpIHWB62Hhidh/ZXhgOG4B,1.013134,1.354372,2.008171,0,189000,24.324015,Delay-insensitive,1,1.75
42000,ZXd/2F6ZRZ874waCu/Ddqs4iQ++pnb2tOcjy+1TyCqPpIHWB62Hhidh/ZXhgOG4B,1.039382,1.4024,2.651319,0,189000,24.324015,Delay-insensitive,1,1.75
42300,ZXd/2F6ZRZ874waCu/Ddqs4iQ++pnb2tOcjy+1TyCqPpIHWB62Hhidh/ZXhgOG4B,1.0470700000000002,1.420432,2.18928,0,189000,24.324015,Delay-insensitive,1,1.75
42600,ZXd/2F6ZRZ874waCu/Ddqs4iQ++pnb2tOcjy+1TyCqPpIHWB62Hhidh/ZXhgOG4B,1.093387,1.416012,1.995081,0,189000,24.324015,Delay-insensitive,1,1.75
42900,ZXd/2F6ZRZ874waCu/Ddqs4iQ++pnb2tOcjy+1TyCqPpIHWB62Hhidh/ZXhgOG4B,1.049717,1.369286,2.59731,0,189000,24.324015,Delay-insensitive,1,1.75
43200,ZXd/2F6ZRZ874waCu/Ddqs4iQ++pnb2tOcjy+1TyCqPpIHWB62Hhidh/ZXhgOG4B,1.0377610000000002,1.436276,2.279461,0,189000,24.324015,Delay-insensitive,1,1.75
43500,ZXd/2F6ZRZ874waCu/Ddqs4iQ++pnb2tOcjy+1TyCqPpIHWB62Hhidh/ZXhgOG4B,1.073732,1.365521,2.115431,0,189000,24.324015,Delay-insensitive,1,1.75
43800,ZXd/2F6ZRZ874waCu/Ddqs4iQ++pnb2tOcjy+1TyCqPpIHWB62Hhidh/ZXhgOG4B,1.032644,3.714202,24.438779,0,189000,24.324015,Delay-insensitive,1,1.75
44100,ZXd/2F6ZRZ874waCu/Ddqs4iQ++pnb2tOcjy+1TyCqPpIHWB62Hhidh/ZXhgOG4B,0.8021229999999999,1.411282,2.254132,0,189000,24.324015,Delay-insensitive,1,1.75
44400,ZXd/2F6ZRZ874waCu/Ddqs4iQ++pnb2tOcjy+1TyCqPpIHWB62Hhidh/ZXhgOG4B,1.089456,1.344391,1.981393,0,189000,24.324015,Delay-insensitive,1,1.75
44700,ZXd/2F6ZRZ874waCu/Ddqs4iQ++pnb2tOcjy+1TyCqPpIHWB62Hhidh/ZXhgOG4B,1.050193,1.422831,2.706435,0,189000,24.324015,Delay-insensitive,1,1.75
45000,ZXd/2F6ZRZ874waCu/Ddqs4iQ++pnb2tOcjy+1TyCqPpIHWB62Hhidh/ZXhgOG4B,1.02632,1.416058,2.138078,0,189000,24.324015,Delay-insensitive,1,1.75
45300,ZXd/2F6ZRZ874waCu/Ddqs4iQ++pnb2tOcjy+1TyCqPpIHWB62Hhidh/ZXhgOG4B,0.7928569999999999,1.325461,2.024424,0,189000,24.324015,Delay-insensitive,1,1.75
45600,ZXd/2F6ZRZ874waCu/Ddqs4iQ++pnb2tOcjy+1TyCqPpIHWB62Hhidh/ZXhgOG4B,1.010408,1.387651,2.7328900000000003,0,189000,24.324015,Delay-insensitive,1,1.75
45900,ZXd/2F6ZRZ874waCu/Ddqs4iQ++pnb2tOcjy+1TyCqPpIHWB62Hhidh/ZXhgOG4B,0.9878,1.455862,2.299995,0,189000,24.324015,Delay-insensitive,1,1.75
46200,ZXd/2F6ZRZ874waCu/Ddqs4iQ++pnb2tOcjy+1TyCqPpIHWB62Hhidh/ZXhgOG4B,1.06187,1.356467,2.117473,0,189000,24.324015,Delay-insensitive,1,1.75
46500,ZXd/2F6ZRZ874waCu/Ddqs4iQ++pnb2tOcjy+1TyCqPpIHWB62Hhidh/ZXhgOG4B,0.675554,1.3627479999999998,2.650985,0,189000,24.324015,Delay-insensitive,1,1.75
46800,ZXd/2F6ZRZ874waCu/Ddqs4iQ++pnb2tOcjy+1TyCqPpIHWB62Hhidh/ZXhgOG4B,0.814024,1.412857,2.211394,0,189000,24.324015,Delay-insensitive,1,1.75
47100,ZXd/2F6ZRZ874waCu/Ddqs4iQ++pnb2tOcjy+1TyCqPpIHWB62Hhidh/ZXhgOG4B,1.058269,1.365461,2.076132,0,189000,24.324015,Delay-insensitive,1,1.75
47400,ZXd/2F6ZRZ874waCu/Ddqs4iQ++pnb2tOcjy+1TyCqPpIHWB62Hhidh/ZXhgOG4B,0.782937,3.759122,24.354545,0,189000,24.324015,Delay-insensitive,1,1.75
47700,ZXd/2F6ZRZ874waCu/Ddqs4iQ++pnb2tOcjy+1TyCqPpIHWB62Hhidh/ZXhgOG4B,1.042111,1.585974,2.2604610000000003,0,189000,24.324015,Delay-insensitive,1,1.75
48000,ZXd/2F6ZRZ874waCu/Ddqs4iQ++pnb2tOcjy+1TyCqPpIHWB62Hhidh/ZXhgOG4B,0.762837,1.395881,2.136357,0,189000,24.324015,Delay-insensitive,1,1.75
48300,ZXd/2F6ZRZ874waCu/Ddqs4iQ++pnb2tOcjy+1TyCqPpIHWB62Hhidh/ZXhgOG4B,1.14744,3.4889339999999995,9.678101,0,189000,24.324015,Delay-insensitive,1,1.75
48600,ZXd/2F6ZRZ874waCu/Ddqs4iQ++pnb2tOcjy+1TyCqPpIHWB62Hhidh/ZXhgOG4B,1.030595,1.485616,2.262728,0,189000,24.324015,Delay-insensitive,1,1.75
48900,ZXd/2F6ZRZ874waCu/Ddqs4iQ++pnb2tOcjy+1TyCqPpIHWB62Hhidh/ZXhgOG4B,1.036821,1.364966,2.111541,0,189000,24.324015,Delay-insensitive,1,1.75
49200,ZXd/2F6ZRZ874waCu/Ddqs4iQ++pnb2tOcjy+1TyCqPpIHWB62Hhidh/ZXhgOG4B,0.5860390000000001,1.363839,2.68472,0,189000,24.324015,Delay-insensitive,1,1.75
49500,ZXd/2F6ZRZ874waCu/Ddqs4iQ++pnb2tOcjy+1TyCqPpIHWB62Hhidh/ZXhgOG4B,0.8549899999999999,1.433961,2.170141,0,189000,24.324015,Delay-insensitive,1,1.75
49800,ZXd/2F6ZRZ874waCu/Ddqs4iQ++pnb2tOcjy+1TyCqPpIHWB62Hhidh/ZXhgOG4B,1.043784,1.361046,2.037927,0,189000,24.324015,Delay-insensitive,1,1.75
50100,ZXd/2F6ZRZ874waCu/Ddqs4iQ++pnb2tOcjy+1TyCqPpIHWB62Hhidh/ZXhgOG4B,0.752579,1.403818,2.79243,0,189000,24.324015,Delay-insensitive,1,1.75
50400,ZXd/2F6ZRZ874waCu/Ddqs4iQ++pnb2tOcjy+1TyCqPpIHWB62Hhidh/ZXhgOG4B,1.046378,1.419816,2.1590700000000003,0,189000,24.324015,Delay-insensitive,1,1.75
50700,ZXd/2F6ZRZ874waCu/Ddqs4iQ++pnb2tOcjy+1TyCqPpIHWB62Hhidh/ZXhgOG4B,1.09569,1.431636,2.0648880000000003,0,189000,24.324015,Delay-insensitive,1,1.75
51000,ZXd/2F6ZRZ874waCu/Ddqs4iQ++pnb2tOcjy+1TyCqPpIHWB62Hhidh/ZXhgOG4B,1.049276,3.749353,24.324015,0,189000,24.324015,Delay-insensitive,1,1.75
51300,ZXd/2F6ZRZ874waCu/Ddqs4iQ++pnb2tOcjy+1TyCqPpIHWB62Hhidh/ZXhgOG4B,0.789592,1.40083,2.054573,0,189000,24.324015,Delay-insensitive,1,1.75
51600,ZXd/2F6ZRZ874waCu/Ddqs4iQ++pnb2tOcjy+1TyCqPpIHWB62Hhidh/ZXhgOG4B,1.030229,1.385987,1.963819,0,189000,24.324015,Delay-insensitive,1,1.75
51900,ZXd/2F6ZRZ874waCu/Ddqs4iQ++pnb2tOcjy+1TyCqPpIHWB62Hhidh/ZXhgOG4B,0.972914,1.406722,2.565909,0,189000,24.324015,Delay-insensitive,1,1.75
52200,ZXd/2F6ZRZ874waCu/Ddqs4iQ++pnb2tOcjy+1TyCqPpIHWB62Hhidh/ZXhgOG4B,1.102977,1.450328,2.08321,0,189000,24.324015,Delay-insensitive,1,1.75
52500,ZXd/2F6ZRZ874waCu/Ddqs4iQ++pnb2tOcjy+1TyCqPpIHWB62Hhidh/ZXhgOG4B,1.072981,1.3885459999999998,1.985377,0,189000,24.324015,Delay-insensitive,1,1.75
52800,ZXd/2F6ZRZ874waCu/Ddqs4iQ++pnb2tOcjy+1TyCqPpIHWB62Hhidh/ZXhgOG4B,0.764586,1.419705,2.608117,0,189000,24.324015,Delay-insensitive,1,1.75
53100,ZXd/2F6ZRZ874waCu/Ddqs4iQ++pnb2tOcjy+1TyCqPpIHWB62Hhidh/ZXhgOG4B,1.042455,1.464786,2.054383,0,189000,24.324015,Delay-insensitive,1,1.75
53400,ZXd/2F6ZRZ874waCu/Ddqs4iQ++pnb2tOcjy+1TyCqPpIHWB62Hhidh/ZXhgOG4B,1.104555,1.405188,1.979596,0,189000,24.324015,Delay-insensitive,1,1.75
53700,ZXd/2F6ZRZ874waCu/Ddqs4iQ++pnb2tOcjy+1TyCqPpIHWB62Hhidh/ZXhgOG4B,1.063421,1.390235,2.510971,0,189000,24.324015,Delay-insensitive,1,1.75
54000,ZXd/2F6ZRZ874waCu/Ddqs4iQ++pnb2tOcjy+1TyCqPpIHWB62Hhidh/ZXhgOG4B,1.04947,1.420872,1.993853,0,189000,24.324015,Delay-insensitive,1,1.75
54300,ZXd/2F6ZRZ874waCu/Ddqs4iQ++pnb2tOcjy+1TyCqPpIHWB62Hhidh/ZXhgOG4B,1.071869,1.383464,1.863099,0,189000,24.324015,Delay-insensitive,1,1.75
54600,ZXd/2F6ZRZ874waCu/Ddqs4iQ++pnb2tOcjy+1TyCqPpIHWB62Hhidh/ZXhgOG4B,1.129184,3.788119,23.425207,0,189000,24.324015,Delay-insensitive,1,1.75
54900,ZXd/2F6ZRZ874waCu/Ddqs4iQ++pnb2tOcjy+1TyCqPpIHWB62Hhidh/ZXhgOG4B,0.875343,1.394303,1.909001,0,189000,24.324015,Delay-insensitive,1,1.75
55200,ZXd/2F6ZRZ874waCu/Ddqs4iQ++pnb2tOcjy+1TyCqPpIHWB62Hhidh/ZXhgOG4B,0.987565,1.378428,1.965139,0,189000,24.324015,Delay-insensitive,1,1.75
55500,ZXd/2F6ZRZ874waCu/Ddqs4iQ++pnb2tOcjy+1TyCqPpIHWB62Hhidh/ZXhgOG4B,0.809447,1.439144,2.648434,0,189000,24.324015,Delay-insensitive,1,1.75
55800,ZXd/2F6ZRZ874waCu/Ddqs4iQ++pnb2tOcjy+1TyCqPpIHWB62Hhidh/ZXhgOG4B,1.095361,1.429257,2.0247740000000003,0,189000,24.324015,Delay-insensitive,1,1.75
56100,ZXd/2F6ZRZ874waCu/Ddqs4iQ++pnb2tOcjy+1TyCqPpIHWB62Hhidh/ZXhgOG4B,1.048376,1.38465,2.104191,0,189000,24.324015,Delay-insensitive,1,1.75
56400,ZXd/2F6ZRZ874waCu/Ddqs4iQ++pnb2tOcjy+1TyCqPpIHWB62Hhidh/ZXhgOG4B,1.035967,1.399679,2.447502,0,189000,24.324015,Delay-insensitive,1,1.75
56700,ZXd/2F6ZRZ874waCu/Ddqs4iQ++pnb2tOcjy+1TyCqPpIHWB62Hhidh/ZXhgOG4B,1.107681,1.422808,1.962152,0,189000,24.324015,Delay-insensitive,1,1.75
57000,ZXd/2F6ZRZ874waCu/Ddqs4iQ++pnb2tOcjy+1TyCqPpIHWB62Hhidh/ZXhgOG4B,1.090332,1.352914,1.836439,0,189000,24.324015,Delay-insensitive,1,1.75
57300,ZXd/2F6ZRZ874waCu/Ddqs4iQ++pnb2tOcjy+1TyCqPpIHWB62Hhidh/ZXhgOG4B,0.735295,1.331652,2.304069,0,189000,24.324015,Delay-insensitive,1,1.75
57600,ZXd/2F6ZRZ874waCu/Ddqs4iQ++pnb2tOcjy+1TyCqPpIHWB62Hhidh/ZXhgOG4B,0.697333,1.378238,1.95166,0,189000,24.324015,Delay-insensitive,1,1.75
57900,ZXd/2F6ZRZ874waCu/Ddqs4iQ++pnb2tOcjy+1TyCqPpIHWB62Hhidh/ZXhgOG4B,1.091012,1.364831,1.915426,0,189000,24.324015,Delay-insensitive,1,1.75
58200,ZXd/2F6ZRZ874waCu/Ddqs4iQ++pnb2tOcjy+1TyCqPpIHWB62Hhidh/ZXhgOG4B,0.753946,3.685525,24.243064,0,189000,24.324015,Delay-insensitive,1,1.75
58500,ZXd/2F6ZRZ874waCu/Ddqs4iQ++pnb2tOcjy+1TyCqPpIHWB62Hhidh/ZXhgOG4B,1.099479,1.355635,2.026362,0,189000,24.324015,Delay-insensitive,1,1.75
58800,ZXd/2F6ZRZ874waCu/Ddqs4iQ++pnb2tOcjy+1TyCqPpIHWB62Hhidh/ZXhgOG4B,0.986181,1.438179,2.069292,0,189000,24.324015,Delay-insensitive,1,1.75
59100,ZXd/2F6ZRZ874waCu/Ddqs4iQ++pnb2tOcjy+1TyCqPpIHWB62Hhidh/ZXhgOG4B,1.07742,1.421451,2.058294,0,189000,24.324015,Delay-insensitive,1,1.75
59400,ZXd/2F6ZRZ874waCu/Ddqs4iQ++pnb2tOcjy+1TyCqPpIHWB62Hhidh/ZXhgOG4B,0.865123,1.326074,2.043386,0,189000,24.324015,Delay-insensitive,1,1.75
59700,ZXd/2F6ZRZ874waCu/Ddqs4iQ++pnb2tOcjy+1TyCqPpIHWB62Hhidh/ZXhgOG4B,1.07417,1.457576,2.088113,0,189000,24.324015,Delay-insensitive,1,1.75
60000,ZXd/2F6ZRZ874waCu/Ddqs4iQ++pnb2tOcjy+1TyCqPpIHWB62Hhidh/ZXhgOG4B,0.952855,1.403866,2.036952,0,189000,24.324015,Delay-insensitive,1,1.75
60300,ZXd/2F6ZRZ874waCu/Ddqs4iQ++pnb2tOcjy+1TyCqPpIHWB62Hhidh/ZXhgOG4B,0.703294,1.310963,2.029517,0,189000,24.324015,Delay-insensitive,1,1.75
60600,ZXd/2F6ZRZ874waCu/Ddqs4iQ++pnb2tOcjy+1TyCqPpIHWB62Hhidh/ZXhgOG4B,1.048958,1.45098,2.074681,0,189000,24.324015,Delay-insensitive,1,1.75
60900,ZXd/2F6ZRZ874waCu/Ddqs4iQ++pnb2tOcjy+1TyCqPpIHWB62Hhidh/ZXhgOG4B,0.680337,1.364418,2.112306,0,189000,24.324015,Delay-insensitive,1,1.75
61200,ZXd/2F6ZRZ874waCu/Ddqs4iQ++pnb2tOcjy+1TyCqPpIHWB62Hhidh/ZXhgOG4B,1.08155,1.337707,2.041227,0,189000,24.324015,Delay-insensitive,1,1.75
61500,ZXd/2F6ZRZ874waCu/Ddqs4iQ++pnb2tOcjy+1TyCqPpIHWB62Hhidh/ZXhgOG4B,0.838408,1.429959,2.034467,0,189000,24.324015,Delay-insensitive,1,1.75
61800,ZXd/2F6ZRZ874waCu/Ddqs4iQ++pnb2tOcjy+1TyCqPpIHWB62Hhidh/ZXhgOG4B,1.102218,3.714868,24.299514,0,189000,24.324015,Delay-insensitive,1,1.75
62100,ZXd/2F6ZRZ874waCu/Ddqs4iQ++pnb2tOcjy+1TyCqPpIHWB62Hhidh/ZXhgOG4B,0.743739,1.294066,1.988905,0,189000,24.324015,Delay-insensitive,1,1.75
62400,ZXd/2F6ZRZ874waCu/Ddqs4iQ++pnb2tOcjy+1TyCqPpIHWB62Hhidh/ZXhgOG4B,1.07901,1.451958,2.065864,0,189000,24.324015,Delay-insensitive,1,1.75
62700,ZXd/2F6ZRZ874waCu/Ddqs4iQ++pnb2tOcjy+1TyCqPpIHWB62Hhidh/ZXhgOG4B,1.092172,1.416057,2.026521,0,189000,24.324015,Delay-insensitive,1,1.75
63000,ZXd/2F6ZRZ874waCu/Ddqs4iQ++pnb2tOcjy+1TyCqPpIHWB62Hhidh/ZXhgOG4B,0.977293,1.345024,2.060337,0,189000,24.324015,Delay-insensitive,1,1.75
63300,ZXd/2F6ZRZ874waCu/Ddqs4iQ++pnb2tOcjy+1TyCqPpIHWB62Hhidh/ZXhgOG4B,1.041556,1.460603,2.049909,0,189000,24.324015,Delay-insensitive,1,1.75
63600,ZXd/2F6ZRZ874waCu/Ddqs4iQ++pnb2tOcjy+1TyCqPpIHWB62Hhidh/ZXhgOG4B,1.02629,1.403815,2.085293,0,189000,24.324015,Delay-insensitive,1,1.75
63900,ZXd/2F6ZRZ874waCu/Ddqs4iQ++pnb2tOcjy+1TyCqPpIHWB62Hhidh/ZXhgOG4B,1.070314,1.335331,2.0088310000000003,0,189000,24.324015,Delay-insensitive,1,1.75
64200,ZXd/2F6ZRZ874waCu/Ddqs4iQ++pnb2tOcjy+1TyCqPpIHWB62Hhidh/ZXhgOG4B,0.960203,1.436164,2.103673,0,189000,24.324015,Delay-insensitive,1,1.75
64500,ZXd/2F6ZRZ874waCu/Ddqs4iQ++pnb2tOcjy+1TyCqPpIHWB62Hhidh/ZXhgOG4B,1.118242,1.402876,2.021339,0,189000,24.324015,Delay-insensitive,1,1.75
64800,ZXd/2F6ZRZ874waCu/Ddqs4iQ++pnb2tOcjy+1TyCqPpIHWB62Hhidh/ZXhgOG4B,0.7437600000000001,1.30584,2.056514,0,189000,24.324015,Delay-insensitive,1,1.75
65100,ZXd/2F6ZRZ874waCu/Ddqs4iQ++pnb2tOcjy+1TyCqPpIHWB62Hhidh/ZXhgOG4B,1.028209,1.451932,2.018557,0,189000,24.324015,Delay-insensitive,1,1.75
65400,ZXd/2F6ZRZ874waCu/Ddqs4iQ++pnb2tOcjy+1TyCqPpIHWB62Hhidh/ZXhgOG4B,0.663365,3.655336,14.729724,0,189000,24.324015,Delay-insensitive,1,1.75
65700,ZXd/2F6ZRZ874waCu/Ddqs4iQ++pnb2tOcjy+1TyCqPpIHWB62Hhidh/ZXhgOG4B,0.7191609999999999,1.311135,1.92603,0,189000,24.324015,Delay-insensitive,1,1.75
66000,ZXd/2F6ZRZ874waCu/Ddqs4iQ++pnb2tOcjy+1TyCqPpIHWB62Hhidh/ZXhgOG4B,1.082947,1.423445,1.886015,0,189000,24.324015,Delay-insensitive,1,1.75
66300,ZXd/2F6ZRZ874waCu/Ddqs4iQ++pnb2tOcjy+1TyCqPpIHWB62Hhidh/ZXhgOG4B,1.104252,1.414307,1.978001,0,189000,24.324015,Delay-insensitive,1,1.75
66600,ZXd/2F6ZRZ874waCu/Ddqs4iQ++pnb2tOcjy+1TyCqPpIHWB62Hhidh/ZXhgOG4B,1.102803,1.315738,1.845465,0,189000,24.324015,Delay-insensitive,1,1.75
66900,ZXd/2F6ZRZ874waCu/Ddqs4iQ++pnb2tOcjy+1TyCqPpIHWB62Hhidh/ZXhgOG4B,0.920419,1.734471,5.04801,0,189000,24.324015,Delay-insensitive,1,1.75
67200,ZXd/2F6ZRZ874waCu/Ddqs4iQ++pnb2tOcjy+1TyCqPpIHWB62Hhidh/ZXhgOG4B,1.162016,1.408003,2.03872,0,189000,24.324015,Delay-insensitive,1,1.75
67500,ZXd/2F6ZRZ874waCu/Ddqs4iQ++pnb2tOcjy+1TyCqPpIHWB62Hhidh/ZXhgOG4B,0.762365,1.293262,2.011911,0,189000,24.324015,Delay-insensitive,1,1.75
67800,ZXd/2F6ZRZ874waCu/Ddqs4iQ++pnb2tOcjy+1TyCqPpIHWB62Hhidh/ZXhgOG4B,1.11132,1.457336,2.102317,0,189000,24.324015,Delay-insensitive,1,1.75
68100,ZXd/2F6ZRZ874waCu/Ddqs4iQ++pnb2tOcjy+1TyCqPpIHWB62Hhidh/ZXhgOG4B,0.714065,1.34596,2.039112,0,189000,24.324015,Delay-insensitive,1,1.75
68400,ZXd/2F6ZRZ874waCu/Ddqs4iQ++pnb2tOcjy+1TyCqPpIHWB62Hhidh/ZXhgOG4B,0.905239,1.316668,1.980714,0,189000,24.324015,Delay-insensitive,1,1.75
68700,ZXd/2F6ZRZ874waCu/Ddqs4iQ++pnb2tOcjy+1TyCqPpIHWB62Hhidh/ZXhgOG4B,1.095674,1.40778,1.905259,0,189000,24.324015,Delay-insensitive,1,1.75
69000,ZXd/2F6ZRZ874waCu/Ddqs4iQ++pnb2tOcjy+1TyCqPpIHWB62Hhidh/ZXhgOG4B,0.922761,1.369595,2.0026490000000003,0,189000,24.324015,Delay-insensitive,1,1.75
69300,ZXd/2F6ZRZ874waCu/Ddqs4iQ++pnb2tOcjy+1TyCqPpIHWB62Hhidh/ZXhgOG4B,1.0625719999999998,1.324392,2.022996,0,189000,24.324015,Delay-insensitive,1,1.75
69600,ZXd/2F6ZRZ874waCu/Ddqs4iQ++pnb2tOcjy+1TyCqPpIHWB62Hhidh/ZXhgOG4B,1.036781,1.447111,2.0935580000000003,0,189000,24.324015,Delay-insensitive,1,1.75
69900,ZXd/2F6ZRZ874waCu/Ddqs4iQ++pnb2tOcjy+1TyCqPpIHWB62Hhidh/ZXhgOG4B,1.090435,1.454275,2.085878,0,189000,24.324015,Delay-insensitive,1,1.75
70200,ZXd/2F6ZRZ874waCu/Ddqs4iQ++pnb2tOcjy+1TyCqPpIHWB62Hhidh/ZXhgOG4B,1.097994,1.401482,2.059374,0,189000,24.324015,Delay-insensitive,1,1.75
70500,ZXd/2F6ZRZ874waCu/Ddqs4iQ++pnb2tOcjy+1TyCqPpIHWB62Hhidh/ZXhgOG4B,1.077442,1.4414280000000002,2.105413,0,189000,24.324015,Delay-insensitive,1,1.75
70800,ZXd/2F6ZRZ874waCu/Ddqs4iQ++pnb2tOcjy+1TyCqPpIHWB62Hhidh/ZXhgOG4B,0.757405,1.348226,2.096538,0,189000,24.324015,Delay-insensitive,1,1.75
71100,ZXd/2F6ZRZ874waCu/Ddqs4iQ++pnb2tOcjy+1TyCqPpIHWB62Hhidh/ZXhgOG4B,0.746658,1.327688,1.965457,0,189000,24.324015,Delay-insensitive,1,1.75
71400,ZXd/2F6ZRZ874waCu/Ddqs4iQ++pnb2tOcjy+1TyCqPpIHWB62Hhidh/ZXhgOG4B,1.1119709999999998,1.466649,2.097123,0,189000,24.324015,Delay-insensitive,1,1.75
71700,ZXd/2F6ZRZ874waCu/Ddqs4iQ++pnb2tOcjy+1TyCqPpIHWB62Hhidh/ZXhgOG4B,0.910135,1.339422,2.110218,0,189000,24.324015,Delay-insensitive,1,1.75
72000,ZXd/2F6ZRZ874waCu/Ddqs4iQ++pnb2tOcjy+1TyCqPpIHWB62Hhidh/ZXhgOG4B,1.062584,1.352078,2.023977,0,189000,24.324015,Delay-insensitive,1,1.75
72300,ZXd/2F6ZRZ874waCu/Ddqs4iQ++pnb2tOcjy+1TyCqPpIHWB62Hhidh/ZXhgOG4B,1.053682,1.487772,2.125283,0,189000,24.324015,Delay-insensitive,1,1.75
72600,ZXd/2F6ZRZ874waCu/Ddqs4iQ++pnb2tOcjy+1TyCqPpIHWB62Hhidh/ZXhgOG4B,1.130379,3.906001,25.831629,0,189000,24.324015,Delay-insensitive,1,1.75
72900,ZXd/2F6ZRZ874waCu/Ddqs4iQ++pnb2tOcjy+1TyCqPpIHWB62Hhidh/ZXhgOG4B,0.809422,1.320907,2.091373,0,189000,24.324015,Delay-insensitive,1,1.75
73200,ZXd/2F6ZRZ874waCu/Ddqs4iQ++pnb2tOcjy+1TyCqPpIHWB62Hhidh/ZXhgOG4B,1.103074,1.444534,2.071458,0,189000,24.324015,Delay-insensitive,1,1.75
73500,ZXd/2F6ZRZ874waCu/Ddqs4iQ++pnb2tOcjy+1TyCqPpIHWB62Hhidh/ZXhgOG4B,0.743399,1.3831719999999998,2.392197,0,189000,24.324015,Delay-insensitive,1,1.75
73800,ZXd/2F6ZRZ874waCu/Ddqs4iQ++pnb2tOcjy+1TyCqPpIHWB62Hhidh/ZXhgOG4B,0.7494810000000001,1.307691,2.052089,0,189000,24.324015,Delay-insensitive,1,1.75
74100,ZXd/2F6ZRZ874waCu/Ddqs4iQ++pnb2tOcjy+1TyCqPpIHWB62Hhidh/ZXhgOG4B,1.073792,1.462344,2.077589,0,189000,24.324015,Delay-insensitive,1,1.75
74400,ZXd/2F6ZRZ874waCu/Ddqs4iQ++pnb2tOcjy+1TyCqPpIHWB62Hhidh/ZXhgOG4B,1.0861459999999998,1.382487,2.107015,0,189000,24.324015,Delay-insensitive,1,1.75
74700,ZXd/2F6ZRZ874waCu/Ddqs4iQ++pnb2tOcjy+1TyCqPpIHWB62Hhidh/ZXhgOG4B,1.056694,1.371505,2.113926,0,189000,24.324015,Delay-insensitive,1,1.75
75000,ZXd/2F6ZRZ874waCu/Ddqs4iQ++pnb2tOcjy+1TyCqPpIHWB62Hhidh/ZXhgOG4B,0.8942629999999999,1.460997,2.059242,0,189000,24.324015,Delay-insensitive,1,1.75
75300,ZXd/2F6ZRZ874waCu/Ddqs4iQ++pnb2tOcjy+1TyCqPpIHWB62Hhidh/ZXhgOG4B,1.10259,1.3996620000000002,2.054814,0,189000,24.324015,Delay-insensitive,1,1.75
75600,ZXd/2F6ZRZ874waCu/Ddqs4iQ++pnb2tOcjy+1TyCqPpIHWB62Hhidh/ZXhgOG4B,1.008993,1.32878,2.084438,0,189000,24.324015,Delay-insensitive,1,1.75
75900,ZXd/2F6ZRZ874waCu/Ddqs4iQ++pnb2tOcjy+1TyCqPpIHWB62Hhidh/ZXhgOG4B,1.103765,1.46757,2.106386,0,189000,24.324015,Delay-insensitive,1,1.75
76200,ZXd/2F6ZRZ874waCu/Ddqs4iQ++pnb2tOcjy+1TyCqPpIHWB62Hhidh/ZXhgOG4B,1.079925,3.715489,16.271518,0,189000,24.324015,Delay-insensitive,1,1.75
76500,ZXd/2F6ZRZ874waCu/Ddqs4iQ++pnb2tOcjy+1TyCqPpIHWB62Hhidh/ZXhgOG4B,1.0890799999999998,1.423924,2.240064,0,189000,24.324015,Delay-insensitive,1,1.75
76800,ZXd/2F6ZRZ874waCu/Ddqs4iQ++pnb2tOcjy+1TyCqPpIHWB62Hhidh/ZXhgOG4B,1.094768,1.950672,5.283917,0,189000,24.324015,Delay-insensitive,1,1.75
77100,ZXd/2F6ZRZ874waCu/Ddqs4iQ++pnb2tOcjy+1TyCqPpIHWB62Hhidh/ZXhgOG4B,0.86605,1.339907,1.939713,0,189000,24.324015,Delay-insensitive,1,1.75
77400,ZXd/2F6ZRZ874waCu/Ddqs4iQ++pnb2tOcjy+1TyCqPpIHWB62Hhidh/ZXhgOG4B,1.131665,1.357063,1.826678,0,189000,24.324015,Delay-insensitive,1,1.75
77700,ZXd/2F6ZRZ874waCu/Ddqs4iQ++pnb2tOcjy+1TyCqPpIHWB62Hhidh/ZXhgOG4B,0.760368,1.404757,2.055751,0,189000,24.324015,Delay-insensitive,1,1.75
78000,ZXd/2F6ZRZ874waCu/Ddqs4iQ++pnb2tOcjy+1TyCqPpIHWB62Hhidh/ZXhgOG4B,1.131633,1.382332,1.815432,0,189000,24.324015,Delay-insensitive,1,1.75
78300,ZXd/2F6ZRZ874waCu/Ddqs4iQ++pnb2tOcjy+1TyCqPpIHWB62Hhidh/ZXhgOG4B,0.457197,1.263806,1.901192,0,189000,24.324015,Delay-insensitive,1,1.75
78600,ZXd/2F6ZRZ874waCu/Ddqs4iQ++pnb2tOcjy+1TyCqPpIHWB62Hhidh/ZXhgOG4B,1.0836940000000002,1.4438950000000002,1.948539,0,189000,24.324015,Delay-insensitive,1,1.75
78900,ZXd/2F6ZRZ874waCu/Ddqs4iQ++pnb2tOcjy+1TyCqPpIHWB62Hhidh/ZXhgOG4B,1.008051,1.381435,1.978816,0,189000,24.324015,Delay-insensitive,1,1.75
79200,ZXd/2F6ZRZ874waCu/Ddqs4iQ++pnb2tOcjy+1TyCqPpIHWB62Hhidh/ZXhgOG4B,0.7593810000000001,1.308717,1.886256,0,189000,24.324015,Delay-insensitive,1,1.75
79500,ZXd/2F6ZRZ874waCu/Ddqs4iQ++pnb2tOcjy+1TyCqPpIHWB62Hhidh/ZXhgOG4B,1.086583,1.44407,1.928805,0,189000,24.324015,Delay-insensitive,1,1.75
79800,ZXd/2F6ZRZ874waCu/Ddqs4iQ++pnb2tOcjy+1TyCqPpIHWB62Hhidh/ZXhgOG4B,0.709854,1.288968,1.837882,0,189000,24.324015,Delay-insensitive,1,1.75
80100,ZXd/2F6ZRZ874waCu/Ddqs4iQ++pnb2tOcjy+1TyCqPpIHWB62Hhidh/ZXhgOG4B,1.133877,1.356716,1.861375,0,189000,24.324015,Delay-insensitive,1,1.75
80400,ZXd/2F6ZRZ874waCu/Ddqs4iQ++pnb2tOcjy+1TyCqPpIHWB62Hhidh/ZXhgOG4B,0.689233,1.380821,1.925841,0,189000,24.324015,Delay-insensitive,1,1.75
80700,ZXd/2F6ZRZ874waCu/Ddqs4iQ++pnb2tOcjy+1TyCqPpIHWB62Hhidh/ZXhgOG4B,1.094796,1.377225,1.760128,0,189000,24.324015,Delay-insensitive,1,1.75
81000,ZXd/2F6ZRZ874waCu/Ddqs4iQ++pnb2tOcjy+1TyCqPpIHWB62Hhidh/ZXhgOG4B,0.768188,1.302298,1.83148,0,189000,24.324015,Delay-insensitive,1,1.75
81300,ZXd/2F6ZRZ874waCu/Ddqs4iQ++pnb2tOcjy+1TyCqPpIHWB62Hhidh/ZXhgOG4B,1.094617,1.47727,1.952966,0,189000,24.324015,Delay-insensitive,1,1.75
81600,ZXd/2F6ZRZ874waCu/Ddqs4iQ++pnb2tOcjy+1TyCqPpIHWB62Hhidh/ZXhgOG4B,0.838949,1.359018,1.950506,0,189000,24.324015,Delay-insensitive,1,1.75
81900,ZXd/2F6ZRZ874waCu/Ddqs4iQ++pnb2tOcjy+1TyCqPpIHWB62Hhidh/ZXhgOG4B,0.771636,1.325727,1.896403,0,189000,24.324015,Delay-insensitive,1,1.75
82200,ZXd/2F6ZRZ874waCu/Ddqs4iQ++pnb2tOcjy+1TyCqPpIHWB62Hhidh/ZXhgOG4B,1.0847440000000002,1.454625,2.000407,0,189000,24.324015,Delay-insensitive,1,1.75
82500,ZXd/2F6ZRZ874waCu/Ddqs4iQ++pnb2tOcjy+1TyCqPpIHWB62Hhidh/ZXhgOG4B,1.111277,1.372184,1.946122,0,189000,24.324015,Delay-insensitive,1,1.75
82800,ZXd/2F6ZRZ874waCu/Ddqs4iQ++pnb2tOcjy+1TyCqPpIHWB62Hhidh/ZXhgOG4B,1.116311,1.351536,1.840115,0,189000,24.324015,Delay-insensitive,1,1.75
83100,ZXd/2F6ZRZ874waCu/Ddqs4iQ++pnb2tOcjy+1TyCqPpIHWB62Hhidh/ZXhgOG4B,0.880044,1.426702,1.967435,0,189000,24.324015,Delay-insensitive,1,1.75
83400,ZXd/2F6ZRZ874waCu/Ddqs4iQ++pnb2tOcjy+1TyCqPpIHWB62Hhidh/ZXhgOG4B,1.09234,3.772322,25.287066,0,189000,24.324015,Delay-insensitive,1,1.75
83700,ZXd/2F6ZRZ874waCu/Ddqs4iQ++pnb2tOcjy+1TyCqPpIHWB62Hhidh/ZXhgOG4B,0.738913,1.29587,2.098257,0,189000,24.324015,Delay-insensitive,1,1.75
84000,ZXd/2F6ZRZ874waCu/Ddqs4iQ++pnb2tOcjy+1TyCqPpIHWB62Hhidh/ZXhgOG4B,1.0775860000000002,1.446697,2.685016,0,189000,24.324015,Delay-insensitive,1,1.75
84300,ZXd/2F6ZRZ874waCu/Ddqs4iQ++pnb2tOcjy+1TyCqPpIHWB62Hhidh/ZXhgOG4B,0.807792,1.340103,2.077811,0,189000,24.324015,Delay-insensitive,1,1.75
84600,ZXd/2F6ZRZ874waCu/Ddqs4iQ++pnb2tOcjy+1TyCqPpIHWB62Hhidh/ZXhgOG4B,1.066002,1.364125,2.178973,0,189000,24.324015,Delay-insensitive,1,1.75
84900,ZXd/2F6ZRZ874waCu/Ddqs4iQ++pnb2tOcjy+1TyCqPpIHWB62Hhidh/ZXhgOG4B,1.009806,1.444857,2.7428220000000003,0,189000,24.324015,Delay-insensitive,1,1.75
85200,ZXd/2F6ZRZ874waCu/Ddqs4iQ++pnb2tOcjy+1TyCqPpIHWB62Hhidh/ZXhgOG4B,0.935097,1.33292,2.14443,0,189000,24.324015,Delay-insensitive,1,1.75
85500,ZXd/2F6ZRZ874waCu/Ddqs4iQ++pnb2tOcjy+1TyCqPpIHWB62Hhidh/ZXhgOG4B,1.040506,1.346481,2.144452,0,189000,24.324015,Delay-insensitive,1,1.75
85800,ZXd/2F6ZRZ874waCu/Ddqs4iQ++pnb2tOcjy+1TyCqPpIHWB62Hhidh/ZXhgOG4B,0.993937,1.457554,2.726059,0,189000,24.324015,Delay-insensitive,1,1.75
86100,ZXd/2F6ZRZ874waCu/Ddqs4iQ++pnb2tOcjy+1TyCqPpIHWB62Hhidh/ZXhgOG4B,0.954646,1.424787,2.158675,0,189000,24.324015,Delay-insensitive,1,1.75
86400,ZXd/2F6ZRZ874waCu/Ddqs4iQ++pnb2tOcjy+1TyCqPpIHWB62Hhidh/ZXhgOG4B,1.049957,1.329071,2.188397,0,189000,24.324015,Delay-insensitive,1,1.75
86700,ZXd/2F6ZRZ874waCu/Ddqs4iQ++pnb2tOcjy+1TyCqPpIHWB62Hhidh/ZXhgOG4B,1.042144,1.440998,2.745744,0,189000,24.324015,Delay-insensitive,1,1.75
87000,ZXd/2F6ZRZ874waCu/Ddqs4iQ++pnb2tOcjy+1TyCqPpIHWB62Hhidh/ZXhgOG4B,1.086862,3.726748,22.068622,0,189000,24.324015,Delay-insensitive,1,1.75
87300,ZXd/2F6ZRZ874waCu/Ddqs4iQ++pnb2tOcjy+1TyCqPpIHWB62Hhidh/ZXhgOG4B,0.947248,1.346543,2.124749,0,189000,24.324015,Delay-insensitive,1,1.75
87600,ZXd/2F6ZRZ874waCu/Ddqs4iQ++pnb2tOcjy+1TyCqPpIHWB62Hhidh/ZXhgOG4B,1.051806,1.444029,2.714881,0,189000,24.324015,Delay-insensitive,1,1.75
87900,ZXd/2F6ZRZ874waCu/Ddqs4iQ++pnb2tOcjy+1TyCqPpIHWB62Hhidh/ZXhgOG4B,0.798387,1.310578,2.138816,0,189000,24.324015,Delay-insensitive,1,1.75
88200,ZXd/2F6ZRZ874waCu/Ddqs4iQ++pnb2tOcjy+1TyCqPpIHWB62Hhidh/ZXhgOG4B,1.050224,1.343204,2.111047,0,189000,24.324015,Delay-insensitive,1,1.75
88500,ZXd/2F6ZRZ874waCu/Ddqs4iQ++pnb2tOcjy+1TyCqPpIHWB62Hhidh/ZXhgOG4B,0.875993,1.413337,2.751547,0,189000,24.324015,Delay-insensitive,1,1.75
88800,ZXd/2F6ZRZ874waCu/Ddqs4iQ++pnb2tOcjy+1TyCqPpIHWB62Hhidh/ZXhgOG4B,0.999556,1.3956959999999998,2.024074,0,189000,24.324015,Delay-insensitive,1,1.75
89100,ZXd/2F6ZRZ874waCu/Ddqs4iQ++pnb2tOcjy+1TyCqPpIHWB62Hhidh/ZXhgOG4B,1.065242,1.34449,1.968141,0,189000,24.324015,Delay-insensitive,1,1.75
89400,ZXd/2F6ZRZ874waCu/Ddqs4iQ++pnb2tOcjy+1TyCqPpIHWB62Hhidh/ZXhgOG4B,1.046648,1.423767,2.6399,0,189000,24.324015,Delay-insensitive,1,1.75
89700,ZXd/2F6ZRZ874waCu/Ddqs4iQ++pnb2tOcjy+1TyCqPpIHWB62Hhidh/ZXhgOG4B,0.7483310000000001,1.307077,1.960926,0,189000,24.324015,Delay-insensitive,1,1.75
90000,ZXd/2F6ZRZ874waCu/Ddqs4iQ++pnb2tOcjy+1TyCqPpIHWB62Hhidh/ZXhgOG4B,0.810359,1.303382,1.995223,0,189000,24.324015,Delay-insensitive,1,1.75
90300,ZXd/2F6ZRZ874waCu/Ddqs4iQ++pnb2tOcjy+1TyCqPpIHWB62Hhidh/ZXhgOG4B,1.061763,1.419435,2.583923,0,189000,24.324015,Delay-insensitive,1,1.75
90600,ZXd/2F6ZRZ874waCu/Ddqs4iQ++pnb2tOcjy+1TyCqPpIHWB62Hhidh/ZXhgOG4B,1.1008209999999998,10.712444,73.173114,0,189000,24.324015,Delay-insensitive,1,1.75
90900,ZXd/2F6ZRZ874waCu/Ddqs4iQ++pnb2tOcjy+1TyCqPpIHWB62Hhidh/ZXhgOG4B,1.0772469999999998,1.677288,4.326318,0,189000,24.324015,Delay-insensitive,1,1.75
91200,ZXd/2F6ZRZ874waCu/Ddqs4iQ++pnb2tOcjy+1TyCqPpIHWB62Hhidh/ZXhgOG4B,0.752754,1.429323,2.73659,0,189000,24.324015,Delay-insensitive,1,1.75
91500,ZXd/2F6ZRZ874waCu/Ddqs4iQ++pnb2tOcjy+1TyCqPpIHWB62Hhidh/ZXhgOG4B,1.0068549999999998,1.415974,2.132247,0,189000,24.324015,Delay-insensitive,1,1.75
91800,ZXd/2F6ZRZ874waCu/Ddqs4iQ++pnb2tOcjy+1TyCqPpIHWB62Hhidh/ZXhgOG4B,1.026682,1.317727,1.988715,0,189000,24.324015,Delay-insensitive,1,1.75
92100,ZXd/2F6ZRZ874waCu/Ddqs4iQ++pnb2tOcjy+1TyCqPpIHWB62Hhidh/ZXhgOG4B,1.09551,1.431243,2.5754,0,189000,24.324015,Delay-insensitive,1,1.75
92400,ZXd/2F6ZRZ874waCu/Ddqs4iQ++pnb2tOcjy+1TyCqPpIHWB62Hhidh/ZXhgOG4B,1.048178,1.350841,1.938441,0,189000,24.324015,Delay-insensitive,1,1.75
92700,ZXd/2F6ZRZ874waCu/Ddqs4iQ++pnb2tOcjy+1TyCqPpIHWB62Hhidh/ZXhgOG4B,1.090436,1.386653,2.004868,0,189000,24.324015,Delay-insensitive,1,1.75
93000,ZXd/2F6ZRZ874waCu/Ddqs4iQ++pnb2tOcjy+1TyCqPpIHWB62Hhidh/ZXhgOG4B,1.096499,1.427108,2.673181,0,189000,24.324015,Delay-insensitive,1,1.75
93300,ZXd/2F6ZRZ874waCu/Ddqs4iQ++pnb2tOcjy+1TyCqPpIHWB62Hhidh/ZXhgOG4B,0.880913,1.328176,2.08249,0,189000,24.324015,Delay-insensitive,1,1.75
93600,ZXd/2F6ZRZ874waCu/Ddqs4iQ++pnb2tOcjy+1TyCqPpIHWB62Hhidh/ZXhgOG4B,1.109632,1.351233,2.1714130000000003,0,189000,24.324015,Delay-insensitive,1,1.75
93900,ZXd/2F6ZRZ874waCu/Ddqs4iQ++pnb2tOcjy+1TyCqPpIHWB62Hhidh/ZXhgOG4B,0.7302,1.419268,2.795326,0,189000,24.324015,Delay-insensitive,1,1.75
94200,ZXd/2F6ZRZ874waCu/Ddqs4iQ++pnb2tOcjy+1TyCqPpIHWB62Hhidh/ZXhgOG4B,1.104543,3.710196,24.193567,0,189000,24.324015,Delay-insensitive,1,1.75
94500,ZXd/2F6ZRZ874waCu/Ddqs4iQ++pnb2tOcjy+1TyCqPpIHWB62Hhidh/ZXhgOG4B,1.058766,1.361039,2.063284,0,189000,24.324015,Delay-insensitive,1,1.75
94800,ZXd/2F6ZRZ874waCu/Ddqs4iQ++pnb2tOcjy+1TyCqPpIHWB62Hhidh/ZXhgOG4B,1.090257,1.445326,2.706827,0,189000,24.324015,Delay-insensitive,1,1.75
95100,ZXd/2F6ZRZ874waCu/Ddqs4iQ++pnb2tOcjy+1TyCqPpIHWB62Hhidh/ZXhgOG4B,0.901558,1.353553,2.02907,0,189000,24.324015,Delay-insensitive,1,1.75
95400,ZXd/2F6ZRZ874waCu/Ddqs4iQ++pnb2tOcjy+1TyCqPpIHWB62Hhidh/ZXhgOG4B,0.6482720000000001,1.298308,2.251432,0,189000,24.324015,Delay-insensitive,1,1.75
95700,ZXd/2F6ZRZ874waCu/Ddqs4iQ++pnb2tOcjy+1TyCqPpIHWB62Hhidh/ZXhgOG4B,1.047174,1.441832,2.654679,0,189000,24.324015,Delay-insensitive,1,1.75
96000,ZXd/2F6ZRZ874waCu/Ddqs4iQ++pnb2tOcjy+1TyCqPpIHWB62Hhidh/ZXhgOG4B,0.7764939999999999,1.313051,2.076511,0,189000,24.324015,Delay-insensitive,1,1.75
96300,ZXd/2F6ZRZ874waCu/Ddqs4iQ++pnb2tOcjy+1TyCqPpIHWB62Hhidh/ZXhgOG4B,1.122521,1.351772,2.132596,0,189000,24.324015,Delay-insensitive,1,1.75
96600,ZXd/2F6ZRZ874waCu/Ddqs4iQ++pnb2tOcjy+1TyCqPpIHWB62Hhidh/ZXhgOG4B,1.124295,1.509424,2.657962,0,189000,24.324015,Delay-insensitive,1,1.75
96900,ZXd/2F6ZRZ874waCu/Ddqs4iQ++pnb2tOcjy+1TyCqPpIHWB62Hhidh/ZXhgOG4B,1.056092,1.435238,2.040468,0,189000,24.324015,Delay-insensitive,1,1.75
97200,ZXd/2F6ZRZ874waCu/Ddqs4iQ++pnb2tOcjy+1TyCqPpIHWB62Hhidh/ZXhgOG4B,0.931084,1.315695,2.16468,0,189000,24.324015,Delay-insensitive,1,1.75
97500,ZXd/2F6ZRZ874waCu/Ddqs4iQ++pnb2tOcjy+1TyCqPpIHWB62Hhidh/ZXhgOG4B,1.106744,1.455845,2.781574,0,189000,24.324015,Delay-insensitive,1,1.75
97800,ZXd/2F6ZRZ874waCu/Ddqs4iQ++pnb2tOcjy+1TyCqPpIHWB62Hhidh/ZXhgOG4B,0.757123,3.654585,24.151708,0,189000,24.324015,Delay-insensitive,1,1.75
98100,ZXd/2F6ZRZ874waCu/Ddqs4iQ++pnb2tOcjy+1TyCqPpIHWB62Hhidh/ZXhgOG4B,1.064547,1.327674,1.84347,0,189000,24.324015,Delay-insensitive,1,1.75
98400,ZXd/2F6ZRZ874waCu/Ddqs4iQ++pnb2tOcjy+1TyCqPpIHWB62Hhidh/ZXhgOG4B,1.066264,1.436796,2.661363,0,189000,24.324015,Delay-insensitive,1,1.75
98700,ZXd/2F6ZRZ874waCu/Ddqs4iQ++pnb2tOcjy+1TyCqPpIHWB62Hhidh/ZXhgOG4B,1.03981,1.4253,2.213007,0,189000,24.324015,Delay-insensitive,1,1.75
99000,ZXd/2F6ZRZ874waCu/Ddqs4iQ++pnb2tOcjy+1TyCqPpIHWB62Hhidh/ZXhgOG4B,1.102816,1.342197,2.130021,0,189000,24.324015,Delay-insensitive,1,1.75
99300,ZXd/2F6ZRZ874waCu/Ddqs4iQ++pnb2tOcjy+1TyCqPpIHWB62Hhidh/ZXhgOG4B,1.041699,1.463682,2.648436,0,189000,24.324015,Delay-insensitive,1,1.75
99600,ZXd/2F6ZRZ874waCu/Ddqs4iQ++pnb2tOcjy+1TyCqPpIHWB62Hhidh/ZXhgOG4B,1.063412,1.418106,2.082945,0,189000,24.324015,Delay-insensitive,1,1.75
99900,ZXd/2F6ZRZ874waCu/Ddqs4iQ++pnb2tOcjy+1TyCqPpIHWB62Hhidh/ZXhgOG4B,0.738379,1.292621,2.030508,0,189000,24.324015,Delay-insensitive,1,1.75
100200,ZXd/2F6ZRZ874waCu/Ddqs4iQ++pnb2tOcjy+1TyCqPpIHWB62Hhidh/ZXhgOG4B,1.113674,1.442788,2.704992,0,189000,24.324015,Delay-insensitive,1,1.75
100500,ZXd/2F6ZRZ874waCu/Ddqs4iQ++pnb2tOcjy+1TyCqPpIHWB62Hhidh/ZXhgOG4B,0.890509,1.333113,1.988348,0,189000,24.324015,Delay-insensitive,1,1.75
100800,ZXd/2F6ZRZ874waCu/Ddqs4iQ++pnb2tOcjy+1TyCqPpIHWB62Hhidh/ZXhgOG4B,1.066658,1.384386,2.026803,0,189000,24.324015,Delay-insensitive,1,1.75
101100,ZXd/2F6ZRZ874waCu/Ddqs4iQ++pnb2tOcjy+1TyCqPpIHWB62Hhidh/ZXhgOG4B,1.067122,1.406561,2.530671,0,189000,24.324015,Delay-insensitive,1,1.75
101400,ZXd/2F6ZRZ874waCu/Ddqs4iQ++pnb2tOcjy+1TyCqPpIHWB62Hhidh/ZXhgOG4B,0.833015,3.691761,21.866156,0,189000,24.324015,Delay-insensitive,1,1.75
101700,ZXd/2F6ZRZ874waCu/Ddqs4iQ++pnb2tOcjy+1TyCqPpIHWB62Hhidh/ZXhgOG4B,1.087449,1.334711,1.932272,0,189000,24.324015,Delay-insensitive,1,1.75
102000,ZXd/2F6ZRZ874waCu/Ddqs4iQ++pnb2tOcjy+1TyCqPpIHWB62Hhidh/ZXhgOG4B,0.810833,1.388652,2.545799,0,189000,24.324015,Delay-insensitive,1,1.75
102300,ZXd/2F6ZRZ874waCu/Ddqs4iQ++pnb2tOcjy+1TyCqPpIHWB62Hhidh/ZXhgOG4B,1.089067,1.397084,2.040681,0,189000,24.324015,Delay-insensitive,1,1.75
102600,ZXd/2F6ZRZ874waCu/Ddqs4iQ++pnb2tOcjy+1TyCqPpIHWB62Hhidh/ZXhgOG4B,0.822398,1.299593,1.970999,0,189000,24.324015,Delay-insensitive,1,1.75
102900,ZXd/2F6ZRZ874waCu/Ddqs4iQ++pnb2tOcjy+1TyCqPpIHWB62Hhidh/ZXhgOG4B,1.096299,1.449844,2.748623,0,189000,24.324015,Delay-insensitive,1,1.75
103200,ZXd/2F6ZRZ874waCu/Ddqs4iQ++pnb2tOcjy+1TyCqPpIHWB62Hhidh/ZXhgOG4B,1.021854,1.406122,2.060264,0,189000,24.324015,Delay-insensitive,1,1.75
103500,ZXd/2F6ZRZ874waCu/Ddqs4iQ++pnb2tOcjy+1TyCqPpIHWB62Hhidh/ZXhgOG4B,0.765324,1.313097,2.144559,0,189000,24.324015,Delay-insensitive,1,1.75
103800,ZXd/2F6ZRZ874waCu/Ddqs4iQ++pnb2tOcjy+1TyCqPpIHWB62Hhidh/ZXhgOG4B,1.088702,1.452277,2.525016,0,189000,24.324015,Delay-insensitive,1,1.75
104100,ZXd/2F6ZRZ874waCu/Ddqs4iQ++pnb2tOcjy+1TyCqPpIHWB62Hhidh/ZXhgOG4B,0.763554,1.284994,1.974582,0,189000,24.324015,Delay-insensitive,1,1.75
104400,ZXd/2F6ZRZ874waCu/Ddqs4iQ++pnb2tOcjy+1TyCqPpIHWB62Hhidh/ZXhgOG4B,1.071174,1.329368,1.948818,0,189000,24.324015,Delay-insensitive,1,1.75
104700,ZXd/2F6ZRZ874waCu/Ddqs4iQ++pnb2tOcjy+1TyCqPpIHWB62Hhidh/ZXhgOG4B,1.009861,1.437081,2.781032,0,189000,24.324015,Delay-insensitive,1,1.75
105000,ZXd/2F6ZRZ874waCu/Ddqs4iQ++pnb2tOcjy+1TyCqPpIHWB62Hhidh/ZXhgOG4B,1.045713,3.765472,25.607582,0,189000,24.324015,Delay-insensitive,1,1.75
105300,ZXd/2F6ZRZ874waCu/Ddqs4iQ++pnb2tOcjy+1TyCqPpIHWB62Hhidh/ZXhgOG4B,1.078241,1.361243,2.05449,0,189000,24.324015,Delay-insensitive,1,1.75
105600,ZXd/2F6ZRZ874waCu/Ddqs4iQ++pnb2tOcjy+1TyCqPpIHWB62Hhidh/ZXhgOG4B,1.134224,1.458521,2.6801,0,189000,24.324015,Delay-insensitive,1,1.75
105900,ZXd/2F6ZRZ874waCu/Ddqs4iQ++pnb2tOcjy+1TyCqPpIHWB62Hhidh/ZXhgOG4B,0.881373,1.348658,2.013833,0,189000,24.324015,Delay-insensitive,1,1.75
106200,ZXd/2F6ZRZ874waCu/Ddqs4iQ++pnb2tOcjy+1TyCqPpIHWB62Hhidh/ZXhgOG4B,0.8391930000000001,1.311481,1.988902,0,189000,24.324015,Delay-insensitive,1,1.75
106500,ZXd/2F6ZRZ874waCu/Ddqs4iQ++pnb2tOcjy+1TyCqPpIHWB62Hhidh/ZXhgOG4B,1.083176,1.440724,2.645237,0,189000,24.324015,Delay-insensitive,1,1.75
106800,ZXd/2F6ZRZ874waCu/Ddqs4iQ++pnb2tOcjy+1TyCqPpIHWB62Hhidh/ZXhgOG4B,1.056168,1.380574,2.034312,0,189000,24.324015,Delay-insensitive,1,1.75
107100,ZXd/2F6ZRZ874waCu/Ddqs4iQ++pnb2tOcjy+1TyCqPpIHWB62Hhidh/ZXhgOG4B,1.040348,1.341511,1.968637,0,189000,24.324015,Delay-insensitive,1,1.75
107400,ZXd/2F6ZRZ874waCu/Ddqs4iQ++pnb2tOcjy+1TyCqPpIHWB62Hhidh/ZXhgOG4B,0.905469,1.42117,2.543413,0,189000,24.324015,Delay-insensitive,1,1.75
107700,ZXd/2F6ZRZ874waCu/Ddqs4iQ++pnb2tOcjy+1TyCqPpIHWB62Hhidh/ZXhgOG4B,1.042452,1.40668,1.977027,0,189000,24.324015,Delay-insensitive,1,1.75
108000,ZXd/2F6ZRZ874waCu/Ddqs4iQ++pnb2tOcjy+1TyCqPpIHWB62Hhidh/ZXhgOG4B,0.924931,1.3170620000000002,2.026198,0,189000,24.324015,Delay-insensitive,1,1.75
108300,ZXd/2F6ZRZ874waCu/Ddqs4iQ++pnb2tOcjy+1TyCqPpIHWB62Hhidh/ZXhgOG4B,1.066489,1.4412120000000002,2.537303,0,189000,24.324015,Delay-insensitive,1,1.75
108600,ZXd/2F6ZRZ874waCu/Ddqs4iQ++pnb2tOcjy+1TyCqPpIHWB62Hhidh/ZXhgOG4B,0.953863,3.616055,24.605136,0,189000,24.324015,Delay-insensitive,1,1.75
108900,ZXd/2F6ZRZ874waCu/Ddqs4iQ++pnb2tOcjy+1TyCqPpIHWB62Hhidh/ZXhgOG4B,1.083917,1.432626,2.1680040000000003,0,189000,24.324015,Delay-insensitive,1,1.75
109200,ZXd/2F6ZRZ874waCu/Ddqs4iQ++pnb2tOcjy+1TyCqPpIHWB62Hhidh/ZXhgOG4B,1.091168,1.441841,2.031076,0,189000,24.324015,Delay-insensitive,1,1.75
109500,ZXd/2F6ZRZ874waCu/Ddqs4iQ++pnb2tOcjy+1TyCqPpIHWB62Hhidh/ZXhgOG4B,1.004088,1.255952,2.042471,0,189000,24.324015,Delay-insensitive,1,1.75
109800,ZXd/2F6ZRZ874waCu/Ddqs4iQ++pnb2tOcjy+1TyCqPpIHWB62Hhidh/ZXhgOG4B,1.0703,1.442114,2.148742,0,189000,24.324015,Delay-insensitive,1,1.75
110100,ZXd/2F6ZRZ874waCu/Ddqs4iQ++pnb2tOcjy+1TyCqPpIHWB62Hhidh/ZXhgOG4B,1.065619,1.427586,2.064598,0,189000,24.324015,Delay-insensitive,1,1.75
110400,ZXd/2F6ZRZ874waCu/Ddqs4iQ++pnb2tOcjy+1TyCqPpIHWB62Hhidh/ZXhgOG4B,1.073941,1.316055,2.026682,0,189000,24.324015,Delay-insensitive,1,1.75
110700,ZXd/2F6ZRZ874waCu/Ddqs4iQ++pnb2tOcjy+1TyCqPpIHWB62Hhidh/ZXhgOG4B,1.083662,1.440505,2.143705,0,189000,24.324015,Delay-insensitive,1,1.75
111000,ZXd/2F6ZRZ874waCu/Ddqs4iQ++pnb2tOcjy+1TyCqPpIHWB62Hhidh/ZXhgOG4B,1.071256,1.429384,2.0453330000000003,0,189000,24.324015,Delay-insensitive,1,1.75
111300,ZXd/2F6ZRZ874waCu/Ddqs4iQ++pnb2tOcjy+1TyCqPpIHWB62Hhidh/ZXhgOG4B,1.030489,1.334027,2.006118,0,189000,24.324015,Delay-insensitive,1,1.75
111600,ZXd/2F6ZRZ874waCu/Ddqs4iQ++pnb2tOcjy+1TyCqPpIHWB62Hhidh/ZXhgOG4B,1.018864,1.424727,2.16061,0,189000,24.324015,Delay-insensitive,1,1.75
111900,ZXd/2F6ZRZ874waCu/Ddqs4iQ++pnb2tOcjy+1TyCqPpIHWB62Hhidh/ZXhgOG4B,1.08244,1.444144,2.054707,0,189000,24.324015,Delay-insensitive,1,1.75
112200,ZXd/2F6ZRZ874waCu/Ddqs4iQ++pnb2tOcjy+1TyCqPpIHWB62Hhidh/ZXhgOG4B,0.876757,1.837513,7.183456,0,189000,24.324015,Delay-insensitive,1,1.75
112500,ZXd/2F6ZRZ874waCu/Ddqs4iQ++pnb2tOcjy+1TyCqPpIHWB62Hhidh/ZXhgOG4B,1.061828,3.152567,19.222852,0,189000,24.324015,Delay-insensitive,1,1.75
112800,ZXd/2F6ZRZ874waCu/Ddqs4iQ++pnb2tOcjy+1TyCqPpIHWB62Hhidh/ZXhgOG4B,0.931704,1.396807,1.935303,0,189000,24.324015,Delay-insensitive,1,1.75
113100,ZXd/2F6ZRZ874waCu/Ddqs4iQ++pnb2tOcjy+1TyCqPpIHWB62Hhidh/ZXhgOG4B,1.108336,1.300442,1.86987,0,189000,24.324015,Delay-insensitive,1,1.75
113400,ZXd/2F6ZRZ874waCu/Ddqs4iQ++pnb2tOcjy+1TyCqPpIHWB62Hhidh/ZXhgOG4B,1.068302,1.418757,2.123553,0,189000,24.324015,Delay-insensitive,1,1.75
113700,ZXd/2F6ZRZ874waCu/Ddqs4iQ++pnb2tOcjy+1TyCqPpIHWB62Hhidh/ZXhgOG4B,1.078213,1.432449,2.007809,0,189000,24.324015,Delay-insensitive,1,1.75
114000,ZXd/2F6ZRZ874waCu/Ddqs4iQ++pnb2tOcjy+1TyCqPpIHWB62Hhidh/ZXhgOG4B,0.924466,1.258478,2.007591,0,189000,24.324015,Delay-insensitive,1,1.75
114300,ZXd/2F6ZRZ874waCu/Ddqs4iQ++pnb2tOcjy+1TyCqPpIHWB62Hhidh/ZXhgOG4B,1.016249,1.429264,2.13707,0,189000,24.324015,Delay-insensitive,1,1.75
114600,ZXd/2F6ZRZ874waCu/Ddqs4iQ++pnb2tOcjy+1TyCqPpIHWB62Hhidh/ZXhgOG4B,1.08146,1.4496,2.088996,0,189000,24.324015,Delay-insensitive,1,1.75
114900,ZXd/2F6ZRZ874waCu/Ddqs4iQ++pnb2tOcjy+1TyCqPpIHWB62Hhidh/ZXhgOG4B,1.080149,1.249309,2.020538,0,189000,24.324015,Delay-insensitive,1,1.75
115200,ZXd/2F6ZRZ874waCu/Ddqs4iQ++pnb2tOcjy+1TyCqPpIHWB62Hhidh/ZXhgOG4B,1.068625,1.414624,2.0863,0,189000,24.324015,Delay-insensitive,1,1.75
115500,ZXd/2F6ZRZ874waCu/Ddqs4iQ++pnb2tOcjy+1TyCqPpIHWB62Hhidh/ZXhgOG4B,1.107399,1.472009,2.039078,0,189000,24.324015,Delay-insensitive,1,1.75
115800,ZXd/2F6ZRZ874waCu/Ddqs4iQ++pnb2tOcjy+1TyCqPpIHWB62Hhidh/ZXhgOG4B,1.093482,1.307225,1.902842,0,189000,24.324015,Delay-insensitive,1,1.75
116100,ZXd/2F6ZRZ874waCu/Ddqs4iQ++pnb2tOcjy+1TyCqPpIHWB62Hhidh/ZXhgOG4B,0.972675,3.737773,25.226852,0,189000,24.324015,Delay-insensitive,1,1.75
116400,ZXd/2F6ZRZ874waCu/Ddqs4iQ++pnb2tOcjy+1TyCqPpIHWB62Hhidh/ZXhgOG4B,1.075506,1.435516,2.015814,0,189000,24.324015,Delay-insensitive,1,1.75
116700,ZXd/2F6ZRZ874waCu/Ddqs4iQ++pnb2tOcjy+1TyCqPpIHWB62Hhidh/ZXhgOG4B,1.12006,1.3263200000000002,2.042192,0,189000,24.324015,Delay-insensitive,1,1.75
117000,ZXd/2F6ZRZ874waCu/Ddqs4iQ++pnb2tOcjy+1TyCqPpIHWB62Hhidh/ZXhgOG4B,1.094285,1.438081,2.152927,0,189000,24.324015,Delay-insensitive,1,1.75
117300,ZXd/2F6ZRZ874waCu/Ddqs4iQ++pnb2tOcjy+1TyCqPpIHWB62Hhidh/ZXhgOG4B,1.027796,1.697186,4.125478,0,189000,24.324015,Delay-insensitive,1,1.75
117600,ZXd/2F6ZRZ874waCu/Ddqs4iQ++pnb2tOcjy+1TyCqPpIHWB62Hhidh/ZXhgOG4B,0.963462,1.314501,1.999745,0,189000,24.324015,Delay-insensitive,1,1.75
117900,ZXd/2F6ZRZ874waCu/Ddqs4iQ++pnb2tOcjy+1TyCqPpIHWB62Hhidh/ZXhgOG4B,1.06238,1.434799,2.14481,0,189000,24.324015,Delay-insensitive,1,1.75
118200,ZXd/2F6ZRZ874waCu/Ddqs4iQ++pnb2tOcjy+1TyCqPpIHWB62Hhidh/ZXhgOG4B,0.9585,1.449183,2.227067,0,189000,24.324015,Delay-insensitive,1,1.75
118500,ZXd/2F6ZRZ874waCu/Ddqs4iQ++pnb2tOcjy+1TyCqPpIHWB62Hhidh/ZXhgOG4B,1.08292,1.360714,2.039596,0,189000,24.324015,Delay-insensitive,1,1.75
118800,ZXd/2F6ZRZ874waCu/Ddqs4iQ++pnb2tOcjy+1TyCqPpIHWB62Hhidh/ZXhgOG4B,1.0849030000000002,1.436066,2.231404,0,189000,24.324015,Delay-insensitive,1,1.75
119100,ZXd/2F6ZRZ874waCu/Ddqs4iQ++pnb2tOcjy+1TyCqPpIHWB62Hhidh/ZXhgOG4B,1.110425,1.452919,2.069489,0,189000,24.324015,Delay-insensitive,1,1.75
119400,ZXd/2F6ZRZ874waCu/Ddqs4iQ++pnb2tOcjy+1TyCqPpIHWB62Hhidh/ZXhgOG4B,1.125884,1.316432,1.857237,0,189000,24.324015,Delay-insensitive,1,1.75
119700,ZXd/2F6ZRZ874waCu/Ddqs4iQ++pnb2tOcjy+1TyCqPpIHWB62Hhidh/ZXhgOG4B,1.117914,3.788259,25.339115,0,189000,24.324015,Delay-insensitive,1,1.75
120000,ZXd/2F6ZRZ874waCu/Ddqs4iQ++pnb2tOcjy+1TyCqPpIHWB62Hhidh/ZXhgOG4B,1.112687,1.952032,5.161866000000001,0,189000,24.324015,Delay-insensitive,1,1.75
120300,ZXd/2F6ZRZ874waCu/Ddqs4iQ++pnb2tOcjy+1TyCqPpIHWB62Hhidh/ZXhgOG4B,1.084041,1.340617,2.0501400000000003,0,189000,24.324015,Delay-insensitive,1,1.75
120600,ZXd/2F6ZRZ874waCu/Ddqs4iQ++pnb2tOcjy+1TyCqPpIHWB62Hhidh/ZXhgOG4B,1.075799,1.4449530000000002,2.111077,0,189000,24.324015,Delay-insensitive,1,1.75
120900,ZXd/2F6ZRZ874waCu/Ddqs4iQ++pnb2tOcjy+1TyCqPpIHWB62Hhidh/ZXhgOG4B,1.101696,1.444755,2.006875,0,189000,24.324015,Delay-insensitive,1,1.75
121200,ZXd/2F6ZRZ874waCu/Ddqs4iQ++pnb2tOcjy+1TyCqPpIHWB62Hhidh/ZXhgOG4B,1.0734290000000002,1.320182,1.969587,0,189000,24.324015,Delay-insensitive,1,1.75
121500,ZXd/2F6ZRZ874waCu/Ddqs4iQ++pnb2tOcjy+1TyCqPpIHWB62Hhidh/ZXhgOG4B,1.0939139999999998,1.483266,2.141703,0,189000,24.324015,Delay-insensitive,1,1.75
121800,ZXd/2F6ZRZ874waCu/Ddqs4iQ++pnb2tOcjy+1TyCqPpIHWB62Hhidh/ZXhgOG4B,1.096688,1.444815,1.985804,0,189000,24.324015,Delay-insensitive,1,1.75
122100,ZXd/2F6ZRZ874waCu/Ddqs4iQ++pnb2tOcjy+1TyCqPpIHWB62Hhidh/ZXhgOG4B,1.021934,1.321076,1.980215,0,189000,24.324015,Delay-insensitive,1,1.75
122400,ZXd/2F6ZRZ874waCu/Ddqs4iQ++pnb2tOcjy+1TyCqPpIHWB62Hhidh/ZXhgOG4B,1.046231,1.436103,2.126464,0,189000,24.324015,Delay-insensitive,1,1.75
122700,ZXd/2F6ZRZ874waCu/Ddqs4iQ++pnb2tOcjy+1TyCqPpIHWB62Hhidh/ZXhgOG4B,1.108744,1.408117,2.003862,0,189000,24.324015,Delay-insensitive,1,1.75
123000,ZXd/2F6ZRZ874waCu/Ddqs4iQ++pnb2tOcjy+1TyCqPpIHWB62Hhidh/ZXhgOG4B,1.097214,1.335897,2.027541,0,189000,24.324015,Delay-insensitive,1,1.75
123300,ZXd/2F6ZRZ874waCu/Ddqs4iQ++pnb2tOcjy+1TyCqPpIHWB62Hhidh/ZXhgOG4B,1.0877,3.761856,18.286237,0,189000,24.324015,Delay-insensitive,1,1.75
123600,ZXd/2F6ZRZ874waCu/Ddqs4iQ++pnb2tOcjy+1TyCqPpIHWB62Hhidh/ZXhgOG4B,1.112991,1.5041790000000002,2.014628,0,189000,24.324015,Delay-insensitive,1,1.75
123900,ZXd/2F6ZRZ874waCu/Ddqs4iQ++pnb2tOcjy+1TyCqPpIHWB62Hhidh/ZXhgOG4B,1.096073,1.3217450000000002,1.915538,0,189000,24.324015,Delay-insensitive,1,1.75
124200,ZXd/2F6ZRZ874waCu/Ddqs4iQ++pnb2tOcjy+1TyCqPpIHWB62Hhidh/ZXhgOG4B,1.001808,1.400032,2.003805,0,189000,24.324015,Delay-insensitive,1,1.75
124500,ZXd/2F6ZRZ874waCu/Ddqs4iQ++pnb2tOcjy+1TyCqPpIHWB62Hhidh/ZXhgOG4B,1.099346,1.430786,1.928609,0,189000,24.324015,Delay-insensitive,1,1.75
124800,ZXd/2F6ZRZ874waCu/Ddqs4iQ++pnb2tOcjy+1TyCqPpIHWB62Hhidh/ZXhgOG4B,0.962076,1.305199,1.864301,0,189000,24.324015,Delay-insensitive,1,1.75
125100,ZXd/2F6ZRZ874waCu/Ddqs4iQ++pnb2tOcjy+1TyCqPpIHWB62Hhidh/ZXhgOG4B,1.097638,1.409843,1.995454,0,189000,24.324015,Delay-insensitive,1,1.75
125400,ZXd/2F6ZRZ874waCu/Ddqs4iQ++pnb2tOcjy+1TyCqPpIHWB62Hhidh/ZXhgOG4B,1.058367,1.443994,2.006095,0,189000,24.324015,Delay-insensitive,1,1.75
125700,ZXd/2F6ZRZ874waCu/Ddqs4iQ++pnb2tOcjy+1TyCqPpIHWB62Hhidh/ZXhgOG4B,1.146099,1.367559,2.030289,0,189000,24.324015,Delay-insensitive,1,1.75
126000,ZXd/2F6ZRZ874waCu/Ddqs4iQ++pnb2tOcjy+1TyCqPpIHWB62Hhidh/ZXhgOG4B,1.120187,1.443067,2.084268,0,189000,24.324015,Delay-insensitive,1,1.75
126300,ZXd/2F6ZRZ874waCu/Ddqs4iQ++pnb2tOcjy+1TyCqPpIHWB62Hhidh/ZXhgOG4B,0.8854700000000001,1.457692,2.114013,0,189000,24.324015,Delay-insensitive,1,1.75
126600,ZXd/2F6ZRZ874waCu/Ddqs4iQ++pnb2tOcjy+1TyCqPpIHWB62Hhidh/ZXhgOG4B,1.0848870000000002,1.31581,1.949481,0,189000,24.324015,Delay-insensitive,1,1.75
126900,ZXd/2F6ZRZ874waCu/Ddqs4iQ++pnb2tOcjy+1TyCqPpIHWB62Hhidh/ZXhgOG4B,0.759071,3.682289,24.580753,0,189000,24.324015,Delay-insensitive,1,1.75
127200,ZXd/2F6ZRZ874waCu/Ddqs4iQ++pnb2tOcjy+1TyCqPpIHWB62Hhidh/ZXhgOG4B,1.104722,1.412785,1.91059,0,189000,24.324015,Delay-insensitive,1,1.75
127500,ZXd/2F6ZRZ874waCu/Ddqs4iQ++pnb2tOcjy+1TyCqPpIHWB62Hhidh/ZXhgOG4B,1.054332,1.326495,1.866333,0,189000,24.324015,Delay-insensitive,1,1.75
127800,ZXd/2F6ZRZ874waCu/Ddqs4iQ++pnb2tOcjy+1TyCqPpIHWB62Hhidh/ZXhgOG4B,1.062316,1.431902,2.065082,0,189000,24.324015,Delay-insensitive,1,1.75
128100,ZXd/2F6ZRZ874waCu/Ddqs4iQ++pnb2tOcjy+1TyCqPpIHWB62Hhidh/ZXhgOG4B,0.7579130000000001,1.3532540000000002,1.988342,0,189000,24.324015,Delay-insensitive,1,1.75
128400,ZXd/2F6ZRZ874waCu/Ddqs4iQ++pnb2tOcjy+1TyCqPpIHWB62Hhidh/ZXhgOG4B,0.797977,1.296687,2.031732,0,189000,24.324015,Delay-insensitive,1,1.75
128700,ZXd/2F6ZRZ874waCu/Ddqs4iQ++pnb2tOcjy+1TyCqPpIHWB62Hhidh/ZXhgOG4B,1.0522,1.434869,2.078137,0,189000,24.324015,Delay-insensitive,1,1.75
129000,ZXd/2F6ZRZ874waCu/Ddqs4iQ++pnb2tOcjy+1TyCqPpIHWB62Hhidh/ZXhgOG4B,0.867959,1.431291,1.98556,0,189000,24.324015,Delay-insensitive,1,1.75
129300,ZXd/2F6ZRZ874waCu/Ddqs4iQ++pnb2tOcjy+1TyCqPpIHWB62Hhidh/ZXhgOG4B,1.048897,1.324634,1.985303,0,189000,24.324015,Delay-insensitive,1,1.75
129600,ZXd/2F6ZRZ874waCu/Ddqs4iQ++pnb2tOcjy+1TyCqPpIHWB62Hhidh/ZXhgOG4B,1.042096,1.435847,2.0283,0,189000,24.324015,Delay-insensitive,1,1.75
129900,ZXd/2F6ZRZ874waCu/Ddqs4iQ++pnb2tOcjy+1TyCqPpIHWB62Hhidh/ZXhgOG4B,1.097868,1.451293,1.994727,0,189000,24.324015,Delay-insensitive,1,1.75
130200,ZXd/2F6ZRZ874waCu/Ddqs4iQ++pnb2tOcjy+1TyCqPpIHWB62Hhidh/ZXhgOG4B,0.867303,1.305449,2.005864,0,189000,24.324015,Delay-insensitive,1,1.75
130500,ZXd/2F6ZRZ874waCu/Ddqs4iQ++pnb2tOcjy+1TyCqPpIHWB62Hhidh/ZXhgOG4B,1.133074,3.787752,24.821337,0,189000,24.324015,Delay-insensitive,1,1.75
130800,ZXd/2F6ZRZ874waCu/Ddqs4iQ++pnb2tOcjy+1TyCqPpIHWB62Hhidh/ZXhgOG4B,0.793184,1.365646,1.968217,0,189000,24.324015,Delay-insensitive,1,1.75
131100,ZXd/2F6ZRZ874waCu/Ddqs4iQ++pnb2tOcjy+1TyCqPpIHWB62Hhidh/ZXhgOG4B,0.8947959999999999,1.303595,2.0036110000000003,0,189000,24.324015,Delay-insensitive,1,1.75
131400,ZXd/2F6ZRZ874waCu/Ddqs4iQ++pnb2tOcjy+1TyCqPpIHWB62Hhidh/ZXhgOG4B,1.083379,1.432797,2.0388040000000003,0,189000,24.324015,Delay-insensitive,1,1.75
131700,ZXd/2F6ZRZ874waCu/Ddqs4iQ++pnb2tOcjy+1TyCqPpIHWB62Hhidh/ZXhgOG4B,1.118613,1.481109,2.013445,0,189000,24.324015,Delay-insensitive,1,1.75
132000,ZXd/2F6ZRZ874waCu/Ddqs4iQ++pnb2tOcjy+1TyCqPpIHWB62Hhidh/ZXhgOG4B,1.1046280000000002,1.304468,1.903188,0,189000,24.324015,Delay-insensitive,1,1.75
132300,ZXd/2F6ZRZ874waCu/Ddqs4iQ++pnb2tOcjy+1TyCqPpIHWB62Hhidh/ZXhgOG4B,0.879043,1.396572,2.079463,0,189000,24.324015,Delay-insensitive,1,1.75
132600,ZXd/2F6ZRZ874waCu/Ddqs4iQ++pnb2tOcjy+1TyCqPpIHWB62Hhidh/ZXhgOG4B,1.102205,1.444611,1.939409,0,189000,24.324015,Delay-insensitive,1,1.75
132900,ZXd/2F6ZRZ874waCu/Ddqs4iQ++pnb2tOcjy+1TyCqPpIHWB62Hhidh/ZXhgOG4B,0.763296,1.2929540000000002,1.961953,0,189000,24.324015,Delay-insensitive,1,1.75
133200,ZXd/2F6ZRZ874waCu/Ddqs4iQ++pnb2tOcjy+1TyCqPpIHWB62Hhidh/ZXhgOG4B,1.039736,1.427915,1.990118,0,189000,24.324015,Delay-insensitive,1,1.75
133500,ZXd/2F6ZRZ874waCu/Ddqs4iQ++pnb2tOcjy+1TyCqPpIHWB62Hhidh/ZXhgOG4B,0.993013,1.417782,2.125352,0,189000,24.324015,Delay-insensitive,1,1.75
133800,ZXd/2F6ZRZ874waCu/Ddqs4iQ++pnb2tOcjy+1TyCqPpIHWB62Hhidh/ZXhgOG4B,1.054231,1.38365,2.216101,0,189000,24.324015,Delay-insensitive,1,1.75
134100,ZXd/2F6ZRZ874waCu/Ddqs4iQ++pnb2tOcjy+1TyCqPpIHWB62Hhidh/ZXhgOG4B,1.097145,4.925553,24.987546,0,189000,24.324015,Delay-insensitive,1,1.75
134400,ZXd/2F6ZRZ874waCu/Ddqs4iQ++pnb2tOcjy+1TyCqPpIHWB62Hhidh/ZXhgOG4B,0.993841,1.552098,2.161885,0,189000,24.324015,Delay-insensitive,1,1.75
134700,ZXd/2F6ZRZ874waCu/Ddqs4iQ++pnb2tOcjy+1TyCqPpIHWB62Hhidh/ZXhgOG4B,1.054766,3.4178839999999995,9.833446,0,189000,24.324015,Delay-insensitive,1,1.75
135000,ZXd/2F6ZRZ874waCu/Ddqs4iQ++pnb2tOcjy+1TyCqPpIHWB62Hhidh/ZXhgOG4B,1.075178,1.466187,2.588203,0,189000,24.324015,Delay-insensitive,1,1.75
135300,ZXd/2F6ZRZ874waCu/Ddqs4iQ++pnb2tOcjy+1TyCqPpIHWB62Hhidh/ZXhgOG4B,1.009124,1.44581,2.127287,0,189000,24.324015,Delay-insensitive,1,1.75
135600,ZXd/2F6ZRZ874waCu/Ddqs4iQ++pnb2tOcjy+1TyCqPpIHWB62Hhidh/ZXhgOG4B,1.0280280000000002,1.375481,2.047605,0,189000,24.324015,Delay-insensitive,1,1.75
135900,ZXd/2F6ZRZ874waCu/Ddqs4iQ++pnb2tOcjy+1TyCqPpIHWB62Hhidh/ZXhgOG4B,1.079158,1.435958,2.865901,0,189000,24.324015,Delay-insensitive,1,1.75
136200,ZXd/2F6ZRZ874waCu/Ddqs4iQ++pnb2tOcjy+1TyCqPpIHWB62Hhidh/ZXhgOG4B,1.011082,1.378659,2.005814,0,189000,24.324015,Delay-insensitive,1,1.75
136500,ZXd/2F6ZRZ874waCu/Ddqs4iQ++pnb2tOcjy+1TyCqPpIHWB62Hhidh/ZXhgOG4B,0.812017,1.291027,2.031001,0,189000,24.324015,Delay-insensitive,1,1.75
136800,ZXd/2F6ZRZ874waCu/Ddqs4iQ++pnb2tOcjy+1TyCqPpIHWB62Hhidh/ZXhgOG4B,1.070298,1.401504,2.566208,0,189000,24.324015,Delay-insensitive,1,1.75
137100,ZXd/2F6ZRZ874waCu/Ddqs4iQ++pnb2tOcjy+1TyCqPpIHWB62Hhidh/ZXhgOG4B,1.028501,1.430066,2.053131,0,189000,24.324015,Delay-insensitive,1,1.75
137400,ZXd/2F6ZRZ874waCu/Ddqs4iQ++pnb2tOcjy+1TyCqPpIHWB62Hhidh/ZXhgOG4B,1.068298,1.340982,2.091012,0,189000,24.324015,Delay-insensitive,1,1.75
137700,ZXd/2F6ZRZ874waCu/Ddqs4iQ++pnb2tOcjy+1TyCqPpIHWB62Hhidh/ZXhgOG4B,1.126501,3.841076,24.191239000000003,0,189000,24.324015,Delay-insensitive,1,1.75
138000,ZXd/2F6ZRZ874waCu/Ddqs4iQ++pnb2tOcjy+1TyCqPpIHWB62Hhidh/ZXhgOG4B,1.018828,1.4555870000000002,2.142068,0,189000,24.324015,Delay-insensitive,1,1.75
138300,ZXd/2F6ZRZ874waCu/Ddqs4iQ++pnb2tOcjy+1TyCqPpIHWB62Hhidh/ZXhgOG4B,1.085205,1.407851,2.116097,0,189000,24.324015,Delay-insensitive,1,1.75
138600,ZXd/2F6ZRZ874waCu/Ddqs4iQ++pnb2tOcjy+1TyCqPpIHWB62Hhidh/ZXhgOG4B,1.091501,1.442773,2.626514,0,189000,24.324015,Delay-insensitive,1,1.75
138900,ZXd/2F6ZRZ874waCu/Ddqs4iQ++pnb2tOcjy+1TyCqPpIHWB62Hhidh/ZXhgOG4B,1.050398,1.392275,1.991387,0,189000,24.324015,Delay-insensitive,1,1.75
139200,ZXd/2F6ZRZ874waCu/Ddqs4iQ++pnb2tOcjy+1TyCqPpIHWB62Hhidh/ZXhgOG4B,1.068453,1.3306559999999998,2.034577,0,189000,24.324015,Delay-insensitive,1,1.75
139500,ZXd/2F6ZRZ874waCu/Ddqs4iQ++pnb2tOcjy+1TyCqPpIHWB62Hhidh/ZXhgOG4B,1.099879,1.442309,2.637544,0,189000,24.324015,Delay-insensitive,1,1.75
139800,ZXd/2F6ZRZ874waCu/Ddqs4iQ++pnb2tOcjy+1TyCqPpIHWB62Hhidh/ZXhgOG4B,1.079063,1.508756,2.118875,0,189000,24.324015,Delay-insensitive,1,1.75
140100,ZXd/2F6ZRZ874waCu/Ddqs4iQ++pnb2tOcjy+1TyCqPpIHWB62Hhidh/ZXhgOG4B,1.033488,1.35563,2.078185,0,189000,24.324015,Delay-insensitive,1,1.75
140400,ZXd/2F6ZRZ874waCu/Ddqs4iQ++pnb2tOcjy+1TyCqPpIHWB62Hhidh/ZXhgOG4B,1.017587,1.448929,2.685332,0,189000,24.324015,Delay-insensitive,1,1.75
140700,ZXd/2F6ZRZ874waCu/Ddqs4iQ++pnb2tOcjy+1TyCqPpIHWB62Hhidh/ZXhgOG4B,1.099012,1.506507,2.232044,0,189000,24.324015,Delay-insensitive,1,1.75
141000,ZXd/2F6ZRZ874waCu/Ddqs4iQ++pnb2tOcjy+1TyCqPpIHWB62Hhidh/ZXhgOG4B,0.876367,1.305166,2.03393,0,189000,24.324015,Delay-insensitive,1,1.75
141300,ZXd/2F6ZRZ874waCu/Ddqs4iQ++pnb2tOcjy+1TyCqPpIHWB62Hhidh/ZXhgOG4B,1.107073,3.779592,24.578647,0,189000,24.324015,Delay-insensitive,1,1.75
141600,ZXd/2F6ZRZ874waCu/Ddqs4iQ++pnb2tOcjy+1TyCqPpIHWB62Hhidh/ZXhgOG4B,1.056284,1.434045,2.039651,0,189000,24.324015,Delay-insensitive,1,1.75
141900,ZXd/2F6ZRZ874waCu/Ddqs4iQ++pnb2tOcjy+1TyCqPpIHWB62Hhidh/ZXhgOG4B,0.972645,1.3677700000000002,2.121467,0,189000,24.324015,Delay-insensitive,1,1.75
142200,ZXd/2F6ZRZ874waCu/Ddqs4iQ++pnb2tOcjy+1TyCqPpIHWB62Hhidh/ZXhgOG4B,1.0959299999999998,1.444482,2.614226,0,189000,24.324015,Delay-insensitive,1,1.75
142500,ZXd/2F6ZRZ874waCu/Ddqs4iQ++pnb2tOcjy+1TyCqPpIHWB62Hhidh/ZXhgOG4B,1.021228,1.442419,2.089544,0,189000,24.324015,Delay-insensitive,1,1.75
142800,ZXd/2F6ZRZ874waCu/Ddqs4iQ++pnb2tOcjy+1TyCqPpIHWB62Hhidh/ZXhgOG4B,1.075936,1.33071,2.076268,0,189000,24.324015,Delay-insensitive,1,1.75
143100,ZXd/2F6ZRZ874waCu/Ddqs4iQ++pnb2tOcjy+1TyCqPpIHWB62Hhidh/ZXhgOG4B,0.873001,1.405829,2.628275,0,189000,24.324015,Delay-insensitive,1,1.75
143400,ZXd/2F6ZRZ874waCu/Ddqs4iQ++pnb2tOcjy+1TyCqPpIHWB62Hhidh/ZXhgOG4B,1.040047,1.4492,2.114603,0,189000,24.324015,Delay-insensitive,1,1.75
143700,ZXd/2F6ZRZ874waCu/Ddqs4iQ++pnb2tOcjy+1TyCqPpIHWB62Hhidh/ZXhgOG4B,1.070592,1.391253,2.060712,0,189000,24.324015,Delay-insensitive,1,1.75
144000,ZXd/2F6ZRZ874waCu/Ddqs4iQ++pnb2tOcjy+1TyCqPpIHWB62Hhidh/ZXhgOG4B,1.104839,1.41724,2.640284,0,189000,24.324015,Delay-insensitive,1,1.75
144300,ZXd/2F6ZRZ874waCu/Ddqs4iQ++pnb2tOcjy+1TyCqPpIHWB62Hhidh/ZXhgOG4B,0.929076,1.38745,2.087199,0,189000,24.324015,Delay-insensitive,1,1.75
144600,ZXd/2F6ZRZ874waCu/Ddqs4iQ++pnb2tOcjy+1TyCqPpIHWB62Hhidh/ZXhgOG4B,1.125446,1.352674,2.2480290000000003,0,189000,24.324015,Delay-insensitive,1,1.75
144900,ZXd/2F6ZRZ874waCu/Ddqs4iQ++pnb2tOcjy+1TyCqPpIHWB62Hhidh/ZXhgOG4B,1.063021,3.78749,24.687598,0,189000,24.324015,Delay-insensitive,1,1.75
145200,ZXd/2F6ZRZ874waCu/Ddqs4iQ++pnb2tOcjy+1TyCqPpIHWB62Hhidh/ZXhgOG4B,0.98125,1.447044,2.065517,0,189000,24.324015,Delay-insensitive,1,1.75
145500,ZXd/2F6ZRZ874waCu/Ddqs4iQ++pnb2tOcjy+1TyCqPpIHWB62Hhidh/ZXhgOG4B,1.073842,1.321169,2.03303,0,189000,24.324015,Delay-insensitive,1,1.75
145800,ZXd/2F6ZRZ874waCu/Ddqs4iQ++pnb2tOcjy+1TyCqPpIHWB62Hhidh/ZXhgOG4B,1.057013,1.478317,2.682852,0,189000,24.324015,Delay-insensitive,1,1.75
146100,ZXd/2F6ZRZ874waCu/Ddqs4iQ++pnb2tOcjy+1TyCqPpIHWB62Hhidh/ZXhgOG4B,1.031181,1.449827,2.139096,0,189000,24.324015,Delay-insensitive,1,1.75
146400,ZXd/2F6ZRZ874waCu/Ddqs4iQ++pnb2tOcjy+1TyCqPpIHWB62Hhidh/ZXhgOG4B,1.022385,1.32243,2.094929,0,189000,24.324015,Delay-insensitive,1,1.75
146700,ZXd/2F6ZRZ874waCu/Ddqs4iQ++pnb2tOcjy+1TyCqPpIHWB62Hhidh/ZXhgOG4B,1.049043,1.4416209999999998,2.723287,0,189000,24.324015,Delay-insensitive,1,1.75
147000,ZXd/2F6ZRZ874waCu/Ddqs4iQ++pnb2tOcjy+1TyCqPpIHWB62Hhidh/ZXhgOG4B,0.740855,1.35533,2.073744,0,189000,24.324015,Delay-insensitive,1,1.75
147300,ZXd/2F6ZRZ874waCu/Ddqs4iQ++pnb2tOcjy+1TyCqPpIHWB62Hhidh/ZXhgOG4B,0.921243,1.314451,2.116357,0,189000,24.324015,Delay-insensitive,1,1.75
147600,ZXd/2F6ZRZ874waCu/Ddqs4iQ++pnb2tOcjy+1TyCqPpIHWB62Hhidh/ZXhgOG4B,1.07734,1.422766,2.605477,0,189000,24.324015,Delay-insensitive,1,1.75
147900,ZXd/2F6ZRZ874waCu/Ddqs4iQ++pnb2tOcjy+1TyCqPpIHWB62Hhidh/ZXhgOG4B,0.873152,1.411438,2.009284,0,189000,24.324015,Delay-insensitive,1,1.75
148200,ZXd/2F6ZRZ874waCu/Ddqs4iQ++pnb2tOcjy+1TyCqPpIHWB62Hhidh/ZXhgOG4B,1.067837,1.3195,1.957874,0,189000,24.324015,Delay-insensitive,1,1.75
148500,ZXd/2F6ZRZ874waCu/Ddqs4iQ++pnb2tOcjy+1TyCqPpIHWB62Hhidh/ZXhgOG4B,1.051448,3.756787,22.435903,0,189000,24.324015,Delay-insensitive,1,1.75
148800,ZXd/2F6ZRZ874waCu/Ddqs4iQ++pnb2tOcjy+1TyCqPpIHWB62Hhidh/ZXhgOG4B,1.016642,1.478404,2.033596,0,189000,24.324015,Delay-insensitive,1,1.75
149100,ZXd/2F6ZRZ874waCu/Ddqs4iQ++pnb2tOcjy+1TyCqPpIHWB62Hhidh/ZXhgOG4B,0.884342,1.311715,2.045289,0,189000,24.324015,Delay-insensitive,1,1.75
149400,ZXd/2F6ZRZ874waCu/Ddqs4iQ++pnb2tOcjy+1TyCqPpIHWB62Hhidh/ZXhgOG4B,1.072067,1.453269,2.700181,0,189000,24.324015,Delay-insensitive,1,1.75
149700,ZXd/2F6ZRZ874waCu/Ddqs4iQ++pnb2tOcjy+1TyCqPpIHWB62Hhidh/ZXhgOG4B,1.063424,1.437813,2.101125,0,189000,24.324015,Delay-insensitive,1,1.75
150000,ZXd/2F6ZRZ874waCu/Ddqs4iQ++pnb2tOcjy+1TyCqPpIHWB62Hhidh/ZXhgOG4B,0.710313,1.28282,2.08945,0,189000,24.324015,Delay-insensitive,1,1.75
150300,ZXd/2F6ZRZ874waCu/Ddqs4iQ++pnb2tOcjy+1TyCqPpIHWB62Hhidh/ZXhgOG4B,1.0904200000000002,1.407537,2.577417,0,189000,24.324015,Delay-insensitive,1,1.75
150600,ZXd/2F6ZRZ874waCu/Ddqs4iQ++pnb2tOcjy+1TyCqPpIHWB62Hhidh/ZXhgOG4B,0.683268,1.384255,1.940228,0,189000,24.324015,Delay-insensitive,1,1.75
150900,ZXd/2F6ZRZ874waCu/Ddqs4iQ++pnb2tOcjy+1TyCqPpIHWB62Hhidh/ZXhgOG4B,1.103612,1.326036,1.872984,0,189000,24.324015,Delay-insensitive,1,1.75
151200,ZXd/2F6ZRZ874waCu/Ddqs4iQ++pnb2tOcjy+1TyCqPpIHWB62Hhidh/ZXhgOG4B,0.695923,1.334336,2.541201,0,189000,24.324015,Delay-insensitive,1,1.75
151500,ZXd/2F6ZRZ874waCu/Ddqs4iQ++pnb2tOcjy+1TyCqPpIHWB62Hhidh/ZXhgOG4B,1.046761,1.448685,2.039592,0,189000,24.324015,Delay-insensitive,1,1.75
151800,ZXd/2F6ZRZ874waCu/Ddqs4iQ++pnb2tOcjy+1TyCqPpIHWB62Hhidh/ZXhgOG4B,1.105446,1.337723,2.032606,0,189000,24.324015,Delay-insensitive,1,1.75
152100,ZXd/2F6ZRZ874waCu/Ddqs4iQ++pnb2tOcjy+1TyCqPpIHWB62Hhidh/ZXhgOG4B,1.106904,4.099849,24.624169,0,189000,24.324015,Delay-insensitive,1,1.75
152400,ZXd/2F6ZRZ874waCu/Ddqs4iQ++pnb2tOcjy+1TyCqPpIHWB62Hhidh/ZXhgOG4B,0.61617,1.356999,2.065954,0,189000,24.324015,Delay-insensitive,1,1.75
152700,ZXd/2F6ZRZ874waCu/Ddqs4iQ++pnb2tOcjy+1TyCqPpIHWB62Hhidh/ZXhgOG4B,0.698585,1.304681,2.0657080000000003,0,189000,24.324015,Delay-insensitive,1,1.75
153000,ZXd/2F6ZRZ874waCu/Ddqs4iQ++pnb2tOcjy+1TyCqPpIHWB62Hhidh/ZXhgOG4B,1.128523,1.4317,2.633582,0,189000,24.324015,Delay-insensitive,1,1.75
153300,ZXd/2F6ZRZ874waCu/Ddqs4iQ++pnb2tOcjy+1TyCqPpIHWB62Hhidh/ZXhgOG4B,0.8463780000000001,1.426862,2.075219,0,189000,24.324015,Delay-insensitive,1,1.75
153600,ZXd/2F6ZRZ874waCu/Ddqs4iQ++pnb2tOcjy+1TyCqPpIHWB62Hhidh/ZXhgOG4B,1.091581,1.337551,2.073521,0,189000,24.324015,Delay-insensitive,1,1.75
153900,ZXd/2F6ZRZ874waCu/Ddqs4iQ++pnb2tOcjy+1TyCqPpIHWB62Hhidh/ZXhgOG4B,1.169528,1.4483629999999998,2.606166,0,189000,24.324015,Delay-insensitive,1,1.75
154200,ZXd/2F6ZRZ874waCu/Ddqs4iQ++pnb2tOcjy+1TyCqPpIHWB62Hhidh/ZXhgOG4B,1.075332,1.448651,2.057304,0,189000,24.324015,Delay-insensitive,1,1.75
154500,ZXd/2F6ZRZ874waCu/Ddqs4iQ++pnb2tOcjy+1TyCqPpIHWB62Hhidh/ZXhgOG4B,0.714584,1.278612,2.0262990000000003,0,189000,24.324015,Delay-insensitive,1,1.75
154800,ZXd/2F6ZRZ874waCu/Ddqs4iQ++pnb2tOcjy+1TyCqPpIHWB62Hhidh/ZXhgOG4B,1.090023,1.417133,2.66546,0,189000,24.324015,Delay-insensitive,1,1.75
155100,ZXd/2F6ZRZ874waCu/Ddqs4iQ++pnb2tOcjy+1TyCqPpIHWB62Hhidh/ZXhgOG4B,0.728486,1.339485,2.068337,0,189000,24.324015,Delay-insensitive,1,1.75
155400,ZXd/2F6ZRZ874waCu/Ddqs4iQ++pnb2tOcjy+1TyCqPpIHWB62Hhidh/ZXhgOG4B,1.096162,1.333615,2.0806150000000003,0,189000,24.324015,Delay-insensitive,1,1.75
155700,ZXd/2F6ZRZ874waCu/Ddqs4iQ++pnb2tOcjy+1TyCqPpIHWB62Hhidh/ZXhgOG4B,1.146326,3.758522,24.443049,0,189000,24.324015,Delay-insensitive,1,1.75
156000,ZXd/2F6ZRZ874waCu/Ddqs4iQ++pnb2tOcjy+1TyCqPpIHWB62Hhidh/ZXhgOG4B,1.054456,1.462541,2.1022,0,189000,24.324015,Delay-insensitive,1,1.75
156300,ZXd/2F6ZRZ874waCu/Ddqs4iQ++pnb2tOcjy+1TyCqPpIHWB62Hhidh/ZXhgOG4B,1.063401,1.318407,2.055369,0,189000,24.324015,Delay-insensitive,1,1.75
156600,ZXd/2F6ZRZ874waCu/Ddqs4iQ++pnb2tOcjy+1TyCqPpIHWB62Hhidh/ZXhgOG4B,0.640663,1.388367,2.684729,0,189000,24.324015,Delay-insensitive,1,1.75
156900,ZXd/2F6ZRZ874waCu/Ddqs4iQ++pnb2tOcjy+1TyCqPpIHWB62Hhidh/ZXhgOG4B,1.058836,1.443187,2.018293,0,189000,24.324015,Delay-insensitive,1,1.75
157200,ZXd/2F6ZRZ874waCu/Ddqs4iQ++pnb2tOcjy+1TyCqPpIHWB62Hhidh/ZXhgOG4B,0.6449819999999999,1.280231,2.058684,0,189000,24.324015,Delay-insensitive,1,1.75
157500,ZXd/2F6ZRZ874waCu/Ddqs4iQ++pnb2tOcjy+1TyCqPpIHWB62Hhidh/ZXhgOG4B,1.108952,1.463835,2.861894,0,189000,24.324015,Delay-insensitive,1,1.75
157800,ZXd/2F6ZRZ874waCu/Ddqs4iQ++pnb2tOcjy+1TyCqPpIHWB62Hhidh/ZXhgOG4B,1.04015,1.396665,2.043398,0,189000,24.324015,Delay-insensitive,1,1.75
158100,ZXd/2F6ZRZ874waCu/Ddqs4iQ++pnb2tOcjy+1TyCqPpIHWB62Hhidh/ZXhgOG4B,0.802219,1.316763,2.062729,0,189000,24.324015,Delay-insensitive,1,1.75
158400,ZXd/2F6ZRZ874waCu/Ddqs4iQ++pnb2tOcjy+1TyCqPpIHWB62Hhidh/ZXhgOG4B,1.148505,1.423704,2.420847,0,189000,24.324015,Delay-insensitive,1,1.75
158700,ZXd/2F6ZRZ874waCu/Ddqs4iQ++pnb2tOcjy+1TyCqPpIHWB62Hhidh/ZXhgOG4B,0.721426,1.350051,1.950731,0,189000,24.324015,Delay-insensitive,1,1.75
159000,ZXd/2F6ZRZ874waCu/Ddqs4iQ++pnb2tOcjy+1TyCqPpIHWB62Hhidh/ZXhgOG4B,1.042262,1.408012,2.094213,0,189000,24.324015,Delay-insensitive,1,1.75
159300,ZXd/2F6ZRZ874waCu/Ddqs4iQ++pnb2tOcjy+1TyCqPpIHWB62Hhidh/ZXhgOG4B,0.65701,1.639575,3.791671,0,189000,24.324015,Delay-insensitive,1,1.75
159600,ZXd/2F6ZRZ874waCu/Ddqs4iQ++pnb2tOcjy+1TyCqPpIHWB62Hhidh/ZXhgOG4B,1.099947,1.362832,1.921545,0,189000,24.324015,Delay-insensitive,1,1.75
159900,ZXd/2F6ZRZ874waCu/Ddqs4iQ++pnb2tOcjy+1TyCqPpIHWB62Hhidh/ZXhgOG4B,1.107434,1.466451,2.001484,0,189000,24.324015,Delay-insensitive,1,1.75
160200,ZXd/2F6ZRZ874waCu/Ddqs4iQ++pnb2tOcjy+1TyCqPpIHWB62Hhidh/ZXhgOG4B,1.168701,1.420348,1.961876,0,189000,24.324015,Delay-insensitive,1,1.75
160500,ZXd/2F6ZRZ874waCu/Ddqs4iQ++pnb2tOcjy+1TyCqPpIHWB62Hhidh/ZXhgOG4B,1.094001,1.338066,1.967221,0,189000,24.324015,Delay-insensitive,1,1.75
160800,ZXd/2F6ZRZ874waCu/Ddqs4iQ++pnb2tOcjy+1TyCqPpIHWB62Hhidh/ZXhgOG4B,0.668323,1.37458,2.071987,0,189000,24.324015,Delay-insensitive,1,1.75
161100,ZXd/2F6ZRZ874waCu/Ddqs4iQ++pnb2tOcjy+1TyCqPpIHWB62Hhidh/ZXhgOG4B,1.1403530000000002,1.444229,2.023337,0,189000,24.324015,Delay-insensitive,1,1.75
161400,ZXd/2F6ZRZ874waCu/Ddqs4iQ++pnb2tOcjy+1TyCqPpIHWB62Hhidh/ZXhgOG4B,1.040852,1.342441,1.892216,0,189000,24.324015,Delay-insensitive,1,1.75
161700,ZXd/2F6ZRZ874waCu/Ddqs4iQ++pnb2tOcjy+1TyCqPpIHWB62Hhidh/ZXhgOG4B,1.014305,1.481975,2.369009,0,189000,24.324015,Delay-insensitive,1,1.75
162000,ZXd/2F6ZRZ874waCu/Ddqs4iQ++pnb2tOcjy+1TyCqPpIHWB62Hhidh/ZXhgOG4B,0.656754,1.390601,1.999034,0,189000,24.324015,Delay-insensitive,1,1.75
162300,ZXd/2F6ZRZ874waCu/Ddqs4iQ++pnb2tOcjy+1TyCqPpIHWB62Hhidh/ZXhgOG4B,1.0616370000000002,1.387367,2.100337,0,189000,24.324015,Delay-insensitive,1,1.75
162600,ZXd/2F6ZRZ874waCu/Ddqs4iQ++pnb2tOcjy+1TyCqPpIHWB62Hhidh/ZXhgOG4B,0.705583,1.384014,2.088849,0,189000,24.324015,Delay-insensitive,1,1.75
162900,ZXd/2F6ZRZ874waCu/Ddqs4iQ++pnb2tOcjy+1TyCqPpIHWB62Hhidh/ZXhgOG4B,1.143326,3.787659,24.842659,0,189000,24.324015,Delay-insensitive,1,1.75
163200,ZXd/2F6ZRZ874waCu/Ddqs4iQ++pnb2tOcjy+1TyCqPpIHWB62Hhidh/ZXhgOG4B,0.67605,1.535856,3.904916000000001,0,189000,24.324015,Delay-insensitive,1,1.75
163500,ZXd/2F6ZRZ874waCu/Ddqs4iQ++pnb2tOcjy+1TyCqPpIHWB62Hhidh/ZXhgOG4B,1.126011,1.731222,4.568229,0,189000,24.324015,Delay-insensitive,1,1.75
163800,ZXd/2F6ZRZ874waCu/Ddqs4iQ++pnb2tOcjy+1TyCqPpIHWB62Hhidh/ZXhgOG4B,1.112061,1.484194,2.056394,0,189000,24.324015,Delay-insensitive,1,1.75
164100,ZXd/2F6ZRZ874waCu/Ddqs4iQ++pnb2tOcjy+1TyCqPpIHWB62Hhidh/ZXhgOG4B,0.681659,1.257505,2.059378,0,189000,24.324015,Delay-insensitive,1,1.75
164400,ZXd/2F6ZRZ874waCu/Ddqs4iQ++pnb2tOcjy+1TyCqPpIHWB62Hhidh/ZXhgOG4B,1.05509,1.415693,2.1321220000000003,0,189000,24.324015,Delay-insensitive,1,1.75
164700,ZXd/2F6ZRZ874waCu/Ddqs4iQ++pnb2tOcjy+1TyCqPpIHWB62Hhidh/ZXhgOG4B,0.610643,1.388636,2.120489,0,189000,24.324015,Delay-insensitive,1,1.75
165000,ZXd/2F6ZRZ874waCu/Ddqs4iQ++pnb2tOcjy+1TyCqPpIHWB62Hhidh/ZXhgOG4B,1.080704,1.357323,2.046528,0,189000,24.324015,Delay-insensitive,1,1.75
165300,ZXd/2F6ZRZ874waCu/Ddqs4iQ++pnb2tOcjy+1TyCqPpIHWB62Hhidh/ZXhgOG4B,0.749859,1.378268,2.174896,0,189000,24.324015,Delay-insensitive,1,1.75
165600,ZXd/2F6ZRZ874waCu/Ddqs4iQ++pnb2tOcjy+1TyCqPpIHWB62Hhidh/ZXhgOG4B,1.165034,1.439647,2.038698,0,189000,24.324015,Delay-insensitive,1,1.75
165900,ZXd/2F6ZRZ874waCu/Ddqs4iQ++pnb2tOcjy+1TyCqPpIHWB62Hhidh/ZXhgOG4B,1.065746,1.3381610000000002,2.006,0,189000,24.324015,Delay-insensitive,1,1.75
166200,ZXd/2F6ZRZ874waCu/Ddqs4iQ++pnb2tOcjy+1TyCqPpIHWB62Hhidh/ZXhgOG4B,1.115065,1.451817,2.185381,0,189000,24.324015,Delay-insensitive,1,1.75
166500,ZXd/2F6ZRZ874waCu/Ddqs4iQ++pnb2tOcjy+1TyCqPpIHWB62Hhidh/ZXhgOG4B,0.8087479999999999,3.505406,24.547192000000003,0,189000,24.324015,Delay-insensitive,1,1.75
166800,ZXd/2F6ZRZ874waCu/Ddqs4iQ++pnb2tOcjy+1TyCqPpIHWB62Hhidh/ZXhgOG4B,0.709291,1.258015,2.0287040000000003,0,189000,24.324015,Delay-insensitive,1,1.75
167100,ZXd/2F6ZRZ874waCu/Ddqs4iQ++pnb2tOcjy+1TyCqPpIHWB62Hhidh/ZXhgOG4B,1.111004,1.407926,2.131293,0,189000,24.324015,Delay-insensitive,1,1.75
167400,ZXd/2F6ZRZ874waCu/Ddqs4iQ++pnb2tOcjy+1TyCqPpIHWB62Hhidh/ZXhgOG4B,1.1503709999999998,1.424865,2.14774,0,189000,24.324015,Delay-insensitive,1,1.75
167700,ZXd/2F6ZRZ874waCu/Ddqs4iQ++pnb2tOcjy+1TyCqPpIHWB62Hhidh/ZXhgOG4B,1.118285,1.361216,2.025771,0,189000,24.324015,Delay-insensitive,1,1.75
168000,ZXd/2F6ZRZ874waCu/Ddqs4iQ++pnb2tOcjy+1TyCqPpIHWB62Hhidh/ZXhgOG4B,0.97013,1.397994,2.186182,0,189000,24.324015,Delay-insensitive,1,1.75
168300,ZXd/2F6ZRZ874waCu/Ddqs4iQ++pnb2tOcjy+1TyCqPpIHWB62Hhidh/ZXhgOG4B,1.174942,1.449951,2.075801,0,189000,24.324015,Delay-insensitive,1,1.75
168600,ZXd/2F6ZRZ874waCu/Ddqs4iQ++pnb2tOcjy+1TyCqPpIHWB62Hhidh/ZXhgOG4B,1.094133,1.322372,1.900672,0,189000,24.324015,Delay-insensitive,1,1.75
168900,ZXd/2F6ZRZ874waCu/Ddqs4iQ++pnb2tOcjy+1TyCqPpIHWB62Hhidh/ZXhgOG4B,1.0539040000000002,1.467631,2.207695,0,189000,24.324015,Delay-insensitive,1,1.75
169200,ZXd/2F6ZRZ874waCu/Ddqs4iQ++pnb2tOcjy+1TyCqPpIHWB62Hhidh/ZXhgOG4B,1.035462,1.38607,2.028069,0,189000,24.324015,Delay-insensitive,1,1.75
169500,ZXd/2F6ZRZ874waCu/Ddqs4iQ++pnb2tOcjy+1TyCqPpIHWB62Hhidh/ZXhgOG4B,0.998426,1.298759,2.08375,0,189000,24.324015,Delay-insensitive,1,1.75
169800,ZXd/2F6ZRZ874waCu/Ddqs4iQ++pnb2tOcjy+1TyCqPpIHWB62Hhidh/ZXhgOG4B,1.12,1.407887,2.062418,0,189000,24.324015,Delay-insensitive,1,1.75
170100,ZXd/2F6ZRZ874waCu/Ddqs4iQ++pnb2tOcjy+1TyCqPpIHWB62Hhidh/ZXhgOG4B,1.177249,2.342246,10.132343,0,189000,24.324015,Delay-insensitive,1,1.75
170400,ZXd/2F6ZRZ874waCu/Ddqs4iQ++pnb2tOcjy+1TyCqPpIHWB62Hhidh/ZXhgOG4B,1.104742,1.369789,2.007635,0,189000,24.324015,Delay-insensitive,1,1.75
170700,ZXd/2F6ZRZ874waCu/Ddqs4iQ++pnb2tOcjy+1TyCqPpIHWB62Hhidh/ZXhgOG4B,1.085009,1.411154,2.154608,0,189000,24.324015,Delay-insensitive,1,1.75
171000,ZXd/2F6ZRZ874waCu/Ddqs4iQ++pnb2tOcjy+1TyCqPpIHWB62Hhidh/ZXhgOG4B,1.161463,1.432555,2.01971,0,189000,24.324015,Delay-insensitive,1,1.75
171300,ZXd/2F6ZRZ874waCu/Ddqs4iQ++pnb2tOcjy+1TyCqPpIHWB62Hhidh/ZXhgOG4B,1.123638,1.380494,2.152348,0,189000,24.324015,Delay-insensitive,1,1.75
171600,ZXd/2F6ZRZ874waCu/Ddqs4iQ++pnb2tOcjy+1TyCqPpIHWB62Hhidh/ZXhgOG4B,1.094878,1.448495,2.0815810000000003,0,189000,24.324015,Delay-insensitive,1,1.75
171900,ZXd/2F6ZRZ874waCu/Ddqs4iQ++pnb2tOcjy+1TyCqPpIHWB62Hhidh/ZXhgOG4B,1.180066,1.456519,1.914479,0,189000,24.324015,Delay-insensitive,1,1.75
172200,ZXd/2F6ZRZ874waCu/Ddqs4iQ++pnb2tOcjy+1TyCqPpIHWB62Hhidh/ZXhgOG4B,0.7846390000000001,1.2479129999999998,1.936565,0,189000,24.324015,Delay-insensitive,1,1.75
172500,ZXd/2F6ZRZ874waCu/Ddqs4iQ++pnb2tOcjy+1TyCqPpIHWB62Hhidh/ZXhgOG4B,1.060444,1.382506,1.993549,0,189000,24.324015,Delay-insensitive,1,1.75
172800,ZXd/2F6ZRZ874waCu/Ddqs4iQ++pnb2tOcjy+1TyCqPpIHWB62Hhidh/ZXhgOG4B,1.133915,1.40168,1.924852,0,189000,24.324015,Delay-insensitive,1,1.75
173100,ZXd/2F6ZRZ874waCu/Ddqs4iQ++pnb2tOcjy+1TyCqPpIHWB62Hhidh/ZXhgOG4B,1.121249,1.361071,2.029318,0,189000,24.324015,Delay-insensitive,1,1.75
173400,ZXd/2F6ZRZ874waCu/Ddqs4iQ++pnb2tOcjy+1TyCqPpIHWB62Hhidh/ZXhgOG4B,1.090141,1.426926,2.1259740000000003,0,189000,24.324015,Delay-insensitive,1,1.75
173700,ZXd/2F6ZRZ874waCu/Ddqs4iQ++pnb2tOcjy+1TyCqPpIHWB62Hhidh/ZXhgOG4B,1.218577,3.830994000000001,24.727568,0,189000,24.324015,Delay-insensitive,1,1.75
174000,ZXd/2F6ZRZ874waCu/Ddqs4iQ++pnb2tOcjy+1TyCqPpIHWB62Hhidh/ZXhgOG4B,1.103452,1.339465,2.013934,0,189000,24.324015,Delay-insensitive,1,1.75
174300,ZXd/2F6ZRZ874waCu/Ddqs4iQ++pnb2tOcjy+1TyCqPpIHWB62Hhidh/ZXhgOG4B,1.097035,1.414782,2.065162,0,189000,24.324015,Delay-insensitive,1,1.75
174600,ZXd/2F6ZRZ874waCu/Ddqs4iQ++pnb2tOcjy+1TyCqPpIHWB62Hhidh/ZXhgOG4B,1.187738,1.440318,1.97173,0,189000,24.324015,Delay-insensitive,1,1.75
174900,ZXd/2F6ZRZ874waCu/Ddqs4iQ++pnb2tOcjy+1TyCqPpIHWB62Hhidh/ZXhgOG4B,0.813936,1.262432,1.937477,0,189000,24.324015,Delay-insensitive,1,1.75
175200,ZXd/2F6ZRZ874waCu/Ddqs4iQ++pnb2tOcjy+1TyCqPpIHWB62Hhidh/ZXhgOG4B,1.088922,1.40056,1.992035,0,189000,24.324015,Delay-insensitive,1,1.75
175500,ZXd/2F6ZRZ874waCu/Ddqs4iQ++pnb2tOcjy+1TyCqPpIHWB62Hhidh/ZXhgOG4B,1.118942,1.449764,2.066976,0,189000,24.324015,Delay-insensitive,1,1.75
175800,ZXd/2F6ZRZ874waCu/Ddqs4iQ++pnb2tOcjy+1TyCqPpIHWB62Hhidh/ZXhgOG4B,1.074998,1.358089,1.963397,0,189000,24.324015,Delay-insensitive,1,1.75
176100,ZXd/2F6ZRZ874waCu/Ddqs4iQ++pnb2tOcjy+1TyCqPpIHWB62Hhidh/ZXhgOG4B,1.02653,1.416182,2.128192,0,189000,24.324015,Delay-insensitive,1,1.75
176400,ZXd/2F6ZRZ874waCu/Ddqs4iQ++pnb2tOcjy+1TyCqPpIHWB62Hhidh/ZXhgOG4B,1.186143,1.437924,2.076865,0,189000,24.324015,Delay-insensitive,1,1.75
176700,ZXd/2F6ZRZ874waCu/Ddqs4iQ++pnb2tOcjy+1TyCqPpIHWB62Hhidh/ZXhgOG4B,1.1160370000000002,1.365679,2.013799,0,189000,24.324015,Delay-insensitive,1,1.75
177000,ZXd/2F6ZRZ874waCu/Ddqs4iQ++pnb2tOcjy+1TyCqPpIHWB62Hhidh/ZXhgOG4B,1.0657299999999998,1.42152,2.064916,0,189000,24.324015,Delay-insensitive,1,1.75
177300,ZXd/2F6ZRZ874waCu/Ddqs4iQ++pnb2tOcjy+1TyCqPpIHWB62Hhidh/ZXhgOG4B,1.159466,3.771712,27.058763,0,189000,24.324015,Delay-insensitive,1,1.75
177600,ZXd/2F6ZRZ874waCu/Ddqs4iQ++pnb2tOcjy+1TyCqPpIHWB62Hhidh/ZXhgOG4B,1.109348,1.340517,2.041759,0,189000,24.324015,Delay-insensitive,1,1.75
177900,ZXd/2F6ZRZ874waCu/Ddqs4iQ++pnb2tOcjy+1TyCqPpIHWB62Hhidh/ZXhgOG4B,1.073439,1.403885,2.052213,0,189000,24.324015,Delay-insensitive,1,1.75
178200,ZXd/2F6ZRZ874waCu/Ddqs4iQ++pnb2tOcjy+1TyCqPpIHWB62Hhidh/ZXhgOG4B,1.132198,1.430577,2.07234,0,189000,24.324015,Delay-insensitive,1,1.75
178500,ZXd/2F6ZRZ874waCu/Ddqs4iQ++pnb2tOcjy+1TyCqPpIHWB62Hhidh/ZXhgOG4B,1.117899,1.395787,2.009141,0,189000,24.324015,Delay-insensitive,1,1.75
178800,ZXd/2F6ZRZ874waCu/Ddqs4iQ++pnb2tOcjy+1TyCqPpIHWB62Hhidh/ZXhgOG4B,1.03428,1.4130049999999998,2.114256,0,189000,24.324015,Delay-insensitive,1,1.75
179100,ZXd/2F6ZRZ874waCu/Ddqs4iQ++pnb2tOcjy+1TyCqPpIHWB62Hhidh/ZXhgOG4B,1.186667,1.466792,2.081477,0,189000,24.324015,Delay-insensitive,1,1.75
179400,ZXd/2F6ZRZ874waCu/Ddqs4iQ++pnb2tOcjy+1TyCqPpIHWB62Hhidh/ZXhgOG4B,1.054956,1.34377,1.965945,0,189000,24.324015,Delay-insensitive,1,1.75
179700,ZXd/2F6ZRZ874waCu/Ddqs4iQ++pnb2tOcjy+1TyCqPpIHWB62Hhidh/ZXhgOG4B,1.104795,1.416983,2.1106130000000003,0,189000,24.324015,Delay-insensitive,1,1.75
180000,ZXd/2F6ZRZ874waCu/Ddqs4iQ++pnb2tOcjy+1TyCqPpIHWB62Hhidh/ZXhgOG4B,1.148464,1.452005,2.024011,0,189000,24.324015,Delay-insensitive,1,1.75
180300,ZXd/2F6ZRZ874waCu/Ddqs4iQ++pnb2tOcjy+1TyCqPpIHWB62Hhidh/ZXhgOG4B,1.073114,1.300104,2.04291,0,189000,24.324015,Delay-insensitive,1,1.75
180600,ZXd/2F6ZRZ874waCu/Ddqs4iQ++pnb2tOcjy+1TyCqPpIHWB62Hhidh/ZXhgOG4B,1.058692,1.409882,2.095194,0,189000,24.324015,Delay-insensitive,1,1.75
180900,ZXd/2F6ZRZ874waCu/Ddqs4iQ++pnb2tOcjy+1TyCqPpIHWB62Hhidh/ZXhgOG4B,1.1256959999999998,10.984236,89.307428,0,189000,24.324015,Delay-insensitive,1,1.75
181200,ZXd/2F6ZRZ874waCu/Ddqs4iQ++pnb2tOcjy+1TyCqPpIHWB62Hhidh/ZXhgOG4B,1.083846,1.375838,1.924209,0,189000,24.324015,Delay-insensitive,1,1.75
181500,ZXd/2F6ZRZ874waCu/Ddqs4iQ++pnb2tOcjy+1TyCqPpIHWB62Hhidh/ZXhgOG4B,1.060263,1.434053,2.115873,0,189000,24.324015,Delay-insensitive,1,1.75
181800,ZXd/2F6ZRZ874waCu/Ddqs4iQ++pnb2tOcjy+1TyCqPpIHWB62Hhidh/ZXhgOG4B,1.146847,1.426243,1.866899,0,189000,24.324015,Delay-insensitive,1,1.75
182100,ZXd/2F6ZRZ874waCu/Ddqs4iQ++pnb2tOcjy+1TyCqPpIHWB62Hhidh/ZXhgOG4B,1.06713,1.373293,1.868471,0,189000,24.324015,Delay-insensitive,1,1.75
182400,ZXd/2F6ZRZ874waCu/Ddqs4iQ++pnb2tOcjy+1TyCqPpIHWB62Hhidh/ZXhgOG4B,1.062914,1.41243,1.950613,0,189000,24.324015,Delay-insensitive,1,1.75
182700,ZXd/2F6ZRZ874waCu/Ddqs4iQ++pnb2tOcjy+1TyCqPpIHWB62Hhidh/ZXhgOG4B,1.0538,1.413142,1.900843,0,189000,24.324015,Delay-insensitive,1,1.75
183000,ZXd/2F6ZRZ874waCu/Ddqs4iQ++pnb2tOcjy+1TyCqPpIHWB62Hhidh/ZXhgOG4B,0.78428,1.262806,1.725684,0,189000,24.324015,Delay-insensitive,1,1.75
183300,ZXd/2F6ZRZ874waCu/Ddqs4iQ++pnb2tOcjy+1TyCqPpIHWB62Hhidh/ZXhgOG4B,1.072722,1.436708,1.988905,0,189000,24.324015,Delay-insensitive,1,1.75
183600,ZXd/2F6ZRZ874waCu/Ddqs4iQ++pnb2tOcjy+1TyCqPpIHWB62Hhidh/ZXhgOG4B,1.034006,1.568315,2.93985,0,189000,24.324015,Delay-insensitive,1,1.75
183900,ZXd/2F6ZRZ874waCu/Ddqs4iQ++pnb2tOcjy+1TyCqPpIHWB62Hhidh/ZXhgOG4B,1.07721,1.382279,1.911179,0,189000,24.324015,Delay-insensitive,1,1.75
184200,ZXd/2F6ZRZ874waCu/Ddqs4iQ++pnb2tOcjy+1TyCqPpIHWB62Hhidh/ZXhgOG4B,1.082939,1.410677,1.909984,0,189000,24.324015,Delay-insensitive,1,1.75
184500,ZXd/2F6ZRZ874waCu/Ddqs4iQ++pnb2tOcjy+1TyCqPpIHWB62Hhidh/ZXhgOG4B,1.0936549999999998,3.699401,24.493032,0,189000,24.324015,Delay-insensitive,1,1.75
184800,ZXd/2F6ZRZ874waCu/Ddqs4iQ++pnb2tOcjy+1TyCqPpIHWB62Hhidh/ZXhgOG4B,1.020448,1.422393,2.076009,0,189000,24.324015,Delay-insensitive,1,1.75
185100,ZXd/2F6ZRZ874waCu/Ddqs4iQ++pnb2tOcjy+1TyCqPpIHWB62Hhidh/ZXhgOG4B,1.067337,1.422088,2.799767,0,189000,24.324015,Delay-insensitive,1,1.75
185400,ZXd/2F6ZRZ874waCu/Ddqs4iQ++pnb2tOcjy+1TyCqPpIHWB62Hhidh/ZXhgOG4B,1.018014,1.325467,2.087398,0,189000,24.324015,Delay-insensitive,1,1.75
185700,ZXd/2F6ZRZ874waCu/Ddqs4iQ++pnb2tOcjy+1TyCqPpIHWB62Hhidh/ZXhgOG4B,1.051297,1.502219,2.280683,0,189000,24.324015,Delay-insensitive,1,1.75
186000,ZXd/2F6ZRZ874waCu/Ddqs4iQ++pnb2tOcjy+1TyCqPpIHWB62Hhidh/ZXhgOG4B,1.037303,1.406076,2.629165,0,189000,24.324015,Delay-insensitive,1,1.75
186300,ZXd/2F6ZRZ874waCu/Ddqs4iQ++pnb2tOcjy+1TyCqPpIHWB62Hhidh/ZXhgOG4B,1.059656,1.441616,2.195059,0,189000,24.324015,Delay-insensitive,1,1.75
186600,ZXd/2F6ZRZ874waCu/Ddqs4iQ++pnb2tOcjy+1TyCqPpIHWB62Hhidh/ZXhgOG4B,1.051693,1.413701,1.986894,0,189000,24.324015,Delay-insensitive,1,1.75
186900,ZXd/2F6ZRZ874waCu/Ddqs4iQ++pnb2tOcjy+1TyCqPpIHWB62Hhidh/ZXhgOG4B,1.068053,1.390049,2.58218,0,189000,24.324015,Delay-insensitive,1,1.75
187200,ZXd/2F6ZRZ874waCu/Ddqs4iQ++pnb2tOcjy+1TyCqPpIHWB62Hhidh/ZXhgOG4B,1.026752,1.345217,2.014371,0,189000,24.324015,Delay-insensitive,1,1.75
187500,ZXd/2F6ZRZ874waCu/Ddqs4iQ++pnb2tOcjy+1TyCqPpIHWB62Hhidh/ZXhgOG4B,1.01757,1.433514,2.130301,0,189000,24.324015,Delay-insensitive,1,1.75
187800,ZXd/2F6ZRZ874waCu/Ddqs4iQ++pnb2tOcjy+1TyCqPpIHWB62Hhidh/ZXhgOG4B,1.058987,1.417254,2.706686,0,189000,24.324015,Delay-insensitive,1,1.75
188100,ZXd/2F6ZRZ874waCu/Ddqs4iQ++pnb2tOcjy+1TyCqPpIHWB62Hhidh/ZXhgOG4B,1.08623,3.725877,24.589526,0,189000,24.324015,Delay-insensitive,1,1.75
188400,ZXd/2F6ZRZ874waCu/Ddqs4iQ++pnb2tOcjy+1TyCqPpIHWB62Hhidh/ZXhgOG4B,0.969556,1.3840709999999998,2.165964,0,189000,24.324015,Delay-insensitive,1,1.75
188700,ZXd/2F6ZRZ874waCu/Ddqs4iQ++pnb2tOcjy+1TyCqPpIHWB62Hhidh/ZXhgOG4B,1.051104,1.3988200000000002,2.682938,0,189000,24.324015,Delay-insensitive,1,1.75
189000,ZXd/2F6ZRZ874waCu/Ddqs4iQ++pnb2tOcjy+1TyCqPpIHWB62Hhidh/ZXhgOG4B,1.135483,1.420348,2.1816720000000003,0,189000,24.324015,Delay-insensitive,1,1.75
